station_id,apt_id,dist
121000017,1165010710,163.676492254878
121000018,1165010710,230.126404430583
121000119,1165010710,314.113149806664
121000135,1165010710,392.203736975375
121000979,1165010710,392.02805796572
121000976,1165010710,382.268901816949
ICB121000017,1165010710,177.889424166645
ICB121000018,1165010710,134.551108337937
121000021,1165010711,366.399355803556
121001319,1165010711,312.019448137182
ICB121000021,1165010711,351.352433237138
121000021,1165010709,349.007069549658
121001326,1165010709,388.896943585295
121000136,1165010709,208.254050789845
121000144,1165010709,396.521627490737
121900053,1165010709,385.394085634833
121900062,1165010709,188.597714321184
121900252,1165010709,355.530414598739
121900095,1165010709,267.568019293867
121900195,1165010709,181.248546747213
121900189,1165010709,261.834649975988
121001322,1165010709,211.898596267147
121900248,1165010709,208.254050789845
ICB121000021,1165010709,378.084967149563
121000302,1165010643,248.538080210837
121000303,1165010643,300.775791772145
121000938,1165010643,283.728944611512
121900209,1165010643,193.186299132768
121001321,1165010643,297.156539285514
ICB121000083,1165010643,260.461900574475
121000045,1165010860,285.126657729418
121000046,1165010860,277.256213481298
121000047,1165010860,171.864320781545
121000049,1165010860,299.192718279063
121000050,1165010860,340.527579558667
121000051,1165010860,129.508377165632
121000052,1165010860,154.432721910154
121900224,1165010860,328.43826793746
121900047,1165010860,386.326191966148
121900052,1165010860,146.343688269089
121900080,1165010860,281.673491246342
121900187,1165010860,150.905915540936
121900128,1165010860,129.436858805644
121900130,1165010860,381.281866638434
121900132,1165010860,285.292954020487
121900162,1165010860,379.52180569436
121900177,1165010860,238.678058943594
121000019,1165010638,278.147947709174
121000131,1165010638,152.75997602232
121000132,1165010638,167.271018170635
121000135,1165010638,386.479548429601
121000143,1165010638,243.163986916725
121900251,1165010638,241.905593814092
121000979,1165010638,394.03987562707
121900100,1165010638,166.108814684741
121900241,1165010638,312.058667854403
121900213,1165010638,385.047129501341
121900209,1165010638,289.107888998323
121900153,1165010638,226.990751475479
ICB121000019,1165010638,285.716961001669
121000119,1165010714,119.056307584761
121000120,1165010714,175.095634396867
121000123,1165010714,204.549313827144
121000142,1165010714,275.879172611232
121900037,1165010714,339.47531877552
121900046,1165010714,145.783562351533
121900055,1165010714,158.062317560029
121900066,1165010714,205.602781208267
121900067,1165010714,314.427117521281
121900078,1165010714,358.569190760106
121900079,1165010714,157.951157216663
121000976,1165010714,366.49743027458
121900096,1165010714,265.562470527221
121000007,1165010857,227.976994366291
121000008,1165010857,256.74089351279
121000041,1165010857,325.384187635518
121000042,1165010857,311.280340803448
121000043,1165010857,210.879424842167
121000044,1165010857,220.215253995505
121000045,1165010857,247.956197003867
121000046,1165010857,238.786190289744
121000047,1165010857,90.1048169819525
121000049,1165010857,233.170513797628
121000050,1165010857,255.754787294881
121000051,1165010857,328.364299211833
121000052,1165010857,385.449395218642
121000055,1165010857,319.09148802089
121900052,1165010857,363.588205256753
121900080,1165010857,258.798861568797
121900192,1165010857,343.051815560106
121900187,1165010857,157.410953159595
121900139,1165010857,233.431983334251
121900128,1165010857,332.994703609361
121900130,1165010857,259.487834089176
121000920,1165010857,225.907754722077
121900177,1165010857,120.160257325987
122000191,1165010857,258.913191124168
ICB121000007,1165010857,224.312216738316
ICB121000008,1165010857,267.824895583092
121000121,1165010851,340.768875473026
121900066,1165010851,352.339035250523
121900067,1165010851,272.642479462756
121900078,1165010851,242.482968212124
121900079,1165010851,399.165277256591
121900086,1165010851,220.450680279903
121900092,1165010851,240.174222987426
121900099,1165010851,277.000307775081
121900103,1165010851,364.448137310435
121900112,1165010851,327.111489819551
121900184,1165010851,318.846025430601
121000022,1165010703,105.179008322049
121000023,1165010703,195.219409844952
121000024,1165010703,169.735509101632
121000127,1165010703,337.899184588691
121900011,1165010703,322.315008967747
121900019,1165010703,302.478759670243
121900050,1165010703,367.632586438886
121900140,1165010703,394.254810060533
ICB121000023,1165010703,101.698109092671
121000123,1165010717,246.411468900274
121000137,1165010717,254.53798574684
121000139,1165010717,296.005130463428
121000142,1165010717,262.276600832436
121900037,1165010717,318.100228910232
121900046,1165010717,325.832153036797
121000976,1165010717,386.616644296411
121900096,1165010717,256.509614630304
121900103,1165010717,371.518979197072
121000209,1165010312,172.526410802952
121000210,1165010312,138.646843830138
121000212,1165010312,341.562905668583
121000985,1165010312,141.291437306113
121000983,1165010312,309.592618522509
121900327,1165010312,287.814257188666
121900328,1165010312,159.823884855331
121900305,1165010312,167.578876946996
121900304,1165010312,277.38034969898
121900163,1165010312,169.973731516215
ICB121000210,1165010312,131.285047491737
ICB121900163,1165010312,187.445961929291
121000028,1165010849,344.558302082927
121000093,1165010849,336.1863494297
121900015,1165010849,391.325923472319
121900086,1165010849,326.138376055076
121900092,1165010849,251.356067481469
121900099,1165010849,207.069362855317
121900102,1165010849,367.025801212774
121900107,1165010849,169.029650629188
121900122,1165010849,359.758525052747
121900220,1165010849,371.845137851824
121900239,1165010849,396.05421623923
121900240,1165010849,327.690857901542
121900174,1165010849,272.340366499239
121000986,1165010901,310.982264455097
121000253,1165010901,314.191032959635
121000278,1165010901,398.037217724292
121900308,1165010901,252.130301563895
121900312,1165010901,256.187387044776
121900309,1165010901,187.88808565662
121900313,1165010901,230.045974480029
121900316,1165010901,364.511545132532
121900315,1165010901,374.879555881266
121000986,1165010902,158.471835323608
121000253,1165010902,242.614273247797
121000254,1165010902,134.419802632976
121000278,1165010902,137.714816886944
121000988,1165010902,233.829054395476
121000987,1165010902,190.164001618565
121900310,1165010902,180.427635074629
121900311,1165010902,133.599953433087
121900308,1165010902,123.200961661783
121900312,1165010902,107.173725681515
121900309,1165010902,224.531026029039
121900313,1165010902,282.984702247241
121900316,1165010902,252.706799385979
121900315,1165010902,246.114029417177
121000205,1165010307,305.136150093902
121000206,1165010307,314.939104769013
121000207,1165010307,164.680002326825
121000208,1165010307,259.329437277108
121000956,1165010307,387.105147705069
121900070,1165010307,307.608615182503
121000960,1165010307,237.67955468583
121900280,1165010307,299.915295712783
121000136,1165010726,381.673981297553
121000302,1165010726,155.78445266222
121000303,1165010726,180.060299535232
121900062,1165010726,310.326627041506
121900195,1165010726,282.514524002285
121900189,1165010726,332.722256946344
121001319,1165010726,381.906753790758
121001322,1165010726,382.372568933374
121900248,1165010726,381.673981297553
ICB121000083,1165010726,292.986133377574
121000119,1165010706,322.494600259004
121000120,1165010706,300.208480621447
121000121,1165010706,243.339110096737
121000123,1165010706,194.133831393505
121000142,1165010706,151.312497278888
121900037,1165010706,161.436510849621
121900046,1165010706,127.376312401967
121900055,1165010706,79.4839536399767
121900066,1165010706,107.723752335067
121900067,1165010706,214.347199111521
121900078,1165010706,252.09963237394
121900079,1165010706,89.8513221440622
121900086,1165010706,334.703812926798
121900096,1165010706,153.177021632065
121900103,1165010706,224.192622726366
121000019,1165010648,324.586756338074
121000020,1165010648,246.970537746168
121000136,1165010648,298.124076144151
121000144,1165010648,220.852197871815
121000302,1165010648,193.834883507447
121000303,1165010648,131.820882170574
121900062,1165010648,296.244543591873
121900074,1165010648,224.526610993129
121900209,1165010648,203.846099681098
121900201,1165010648,206.317436305637
121900195,1165010648,316.158300412571
121001322,1165010648,295.616794718767
121900248,1165010648,298.124076144151
ICB121000019,1165010648,283.848234081819
ICB121000020,1165010648,230.452203773361
121000017,1165010646,159.714176260701
121000018,1165010646,143.956247659617
121000131,1165010646,236.617221537029
121000132,1165010646,233.970878256453
121000135,1165010646,331.539294130255
121000979,1165010646,337.929720604094
121000976,1165010646,397.419688896154
121900100,1165010646,224.344997507898
121900108,1165010646,323.10178639151
121900244,1165010646,325.415704168181
121900153,1165010646,304.152520059973
ICB121000017,1165010646,145.366910351584
ICB121000018,1165010646,188.855568512266
121000086,1165010802,234.960826436727
121000087,1165010802,87.088792011629
121000088,1165010802,84.5710807461054
121000096,1165010802,389.308020922211
121000118,1165010802,238.750598608784
121000946,1165010802,398.853811450738
121000943,1165010802,392.855548263207
121000942,1165010802,390.047048576223
121000941,1165010802,388.144605057389
121000940,1165010802,388.686407762103
121900086,1165010802,364.955165502544
121900092,1165010802,285.863306033446
121900099,1165010802,234.892276652062
121900102,1165010802,238.333652496197
121900245,1165010802,342.733450693148
121900294,1165010802,87.5565020113091
121900220,1165010802,145.384484524616
121900210,1165010802,395.613315592703
ICB121000943,1165010802,384.474568588621
121000168,1165010140,89.2871338157724
121000169,1165010140,71.9444677786813
121000170,1165010140,361.376616385439
121000171,1165010140,348.740361910067
121000178,1165010140,251.771438636186
121000185,1165010140,274.749526680872
121900089,1165010140,320.352017385843
121900097,1165010140,120.06422081963
121900105,1165010140,167.995022328908
121900127,1165010140,232.080844170431
121900271,1165010140,71.6762849511727
121900175,1165010140,265.104531039886
121000086,1165010713,229.708575178443
121000087,1165010713,369.596252930993
121000088,1165010713,366.003409571319
121000118,1165010713,296.769558379617
121000120,1165010713,354.710831087327
121900055,1165010713,359.389742205621
121900066,1165010713,303.490145638577
121900067,1165010713,188.310795558657
121900078,1165010713,156.992870614622
121900079,1165010713,350.053268465717
121900086,1165010713,102.339202180368
121900092,1165010713,102.163462503127
121900099,1165010713,150.382412730047
121900245,1165010713,383.681182681352
121900294,1165010713,337.204564992538
121000098,1165010603,291.655447260616
121000128,1165010603,308.70155552701
121000129,1165010603,141.068439081088
121000130,1165010603,160.591991142299
121900108,1165010603,372.156457620224
121900241,1165010603,381.73967426664
121900213,1165010603,370.071500070207
121900244,1165010603,367.434576932611
121000011,1165010803,366.763719597923
121000086,1165010803,344.095417874493
121000087,1165010803,78.9371715070712
121000088,1165010803,107.751271965751
121000089,1165010803,353.096916433828
121000090,1165010803,380.91040513049
121000096,1165010803,393.029917302849
121000118,1165010803,345.197572456832
121000944,1165010803,372.822530275643
121000945,1165010803,368.861901653685
121000947,1165010803,366.720213616719
121000946,1165010803,366.781459612496
121000943,1165010803,369.206029598374
121000942,1165010803,372.239893851498
121000941,1165010803,377.24488128059
121000940,1165010803,390.716758397728
121900092,1165010803,333.006584064899
121900099,1165010803,266.950514449733
121900102,1165010803,131.539570510058
121900107,1165010803,366.769456940281
121900294,1165010803,163.308505538056
121900220,1165010803,54.6668319560798
122000183,1165010803,396.70919652293
122000654,1165010803,391.116706677596
ICB121000943,1165010803,353.965494805901
ICB122000654,1165010803,399.584284494828
121000057,1165010852,246.304032521311
121000095,1165010852,269.5470458486
121000121,1165010852,148.321724993011
121000142,1165010852,356.210562599952
121900037,1165010852,265.392402075874
121900096,1165010852,371.124427679709
121900103,1165010852,182.605916593113
121900112,1165010852,79.7874012829159
121900184,1165010852,80.7154642332148
121000017,1165010604,380.333926964671
121000018,1165010604,341.822347923417
121000130,1165010604,392.292305063029
121000131,1165010604,112.50949731324
121000132,1165010604,90.0840114360622
121900100,1165010604,103.528653605077
121900108,1165010604,218.883298710201
121900241,1165010604,201.189037922581
121900213,1165010604,350.736792034644
121900244,1165010604,210.834698361301
121900153,1165010604,326.777278225583
ICB121000017,1165010604,365.981335018937
121000120,1165010725,393.602431099631
121000121,1165010725,177.509195918156
121000123,1165010725,318.840513915476
121000142,1165010725,232.792605296273
121900037,1165010725,177.947420189763
121900046,1165010725,265.214647266014
121900055,1165010725,190.185207394294
121900066,1165010725,167.973107523396
121900067,1165010725,190.369349443314
121900078,1165010725,206.194966302498
121900079,1165010725,194.486865362525
121900086,1165010725,269.328069175025
121900092,1165010725,355.222371148448
121900096,1165010725,242.806254158059
121900103,1165010725,179.501234773756
121900112,1165010725,317.927311021524
121900184,1165010725,319.268969092204
121000027,1165010854,382.891001298911
121000028,1165010854,158.52738480538
121000092,1165010854,374.626132017008
121000093,1165010854,116.691455056006
121000094,1165010854,309.023310763957
121900015,1165010854,124.598491485049
121900107,1165010854,210.532048473064
121900122,1165010854,103.781998158617
121000929,1165010854,337.52328553121
121900239,1165010854,366.928211811098
121900240,1165010854,115.320247919568
121900174,1165010854,98.7376349272301
121900023,1165010854,399.41321683595
ICB121000929,1165010854,322.505945392055
121000007,1165010855,306.456498303175
121000008,1165010855,398.210177780166
121000009,1165010855,368.486149497802
121000010,1165010855,294.679193267491
121000039,1165010855,299.975926372897
121000041,1165010855,102.465268431968
121000042,1165010855,99.544999576957
121000043,1165010855,131.800918280429
121000044,1165010855,162.448782443642
121000045,1165010855,191.319339709025
121000046,1165010855,191.402389010917
121000047,1165010855,299.169765553874
121000055,1165010855,227.789487569974
121900080,1165010855,205.684072257294
121000937,1165010855,266.846214129388
121000974,1165010855,335.423386357329
121000973,1165010855,261.350594219856
121900207,1165010855,347.750585961603
121900192,1165010855,226.55289949534
121900187,1165010855,387.216713111128
121900139,1165010855,384.111379726848
121000920,1165010855,315.009059596608
121900177,1165010855,189.508940822905
121000921,1165010855,353.807660600838
122000191,1165010855,307.521694952381
122900101,1165010855,267.04923974815
122000614,1165010855,259.675617192692
ICB121000007,1165010855,317.252692568188
ICB121000008,1165010855,386.70346246432
ICB121000937,1165010855,273.298698200824
ICB122900101,1165010855,281.927936072659
121000029,1165010811,282.915970897651
121000030,1165010811,313.912888540917
121000039,1165010811,353.633179266251
121000041,1165010811,225.018373870908
121000042,1165010811,212.744405629887
121000045,1165010811,145.980191972333
121000046,1165010811,154.611183552254
121000047,1165010811,368.339161691025
121900029,1165010811,279.434793471841
121900036,1165010811,326.817208640554
121900080,1165010811,134.16903078133
121900207,1165010811,386.335487676735
121900177,1165010811,272.763495266799
121900023,1165010811,272.238793210838
121000199,1165010201,64.4076848723903
121000200,1165010201,148.570081137695
121000984,1165010201,367.532926855839
121900063,1165010201,128.528216222613
121000957,1165010201,290.494395165748
121900277,1165010201,68.2981580322067
121900206,1165010201,364.194370881701
121000098,1165010619,66.4053183077572
121000103,1165010619,362.251189921203
121000104,1165010619,378.034980805212
121000105,1165010619,248.921228116688
121000106,1165010619,218.66316532471
121000128,1165010619,87.6059954455278
121900114,1165010619,355.593283767965
121900242,1165010619,352.959209561679
121900243,1165010619,353.925266246123
121000211,1165010311,107.401567623569
121000212,1165010311,144.334238672196
121000985,1165010311,353.233089902251
121000983,1165010311,179.66560570334
121900327,1165010311,189.654541748237
121900305,1165010311,383.916752155653
121900304,1165010311,197.906873243224
GGB220000012,1165010311,281.880591842418
GGB220000017,1165010311,295.216195794452
121000098,1165010602,229.821691370546
121000103,1165010602,260.121807950453
121000104,1165010602,289.039834230313
121000105,1165010602,96.2883574523801
121000106,1165010602,73.306257571803
121000128,1165010602,243.674851786202
121900114,1165010602,260.725968262459
121900242,1165010602,203.691419822213
121900243,1165010602,267.544896582936
119000285,1165010116,260.097330313864
119900075,1165010116,377.98634683078
119900044,1165010116,248.094630898949
119900022,1165010116,389.498392814916
119900184,1165010116,382.053734653051
121000533,1165010116,285.773414096091
121000304,1165010116,199.744340957233
121000305,1165010116,288.424775273763
121000311,1165010116,214.800072593361
121900024,1165010116,200.507142002183
121900032,1165010116,272.010371394852
121900091,1165010116,285.918784667712
121900098,1165010116,199.766063558928
121900106,1165010116,159.223910265634
121900120,1165010116,245.977631635062
119000288,1165010109,207.880136566047
119000287,1165010109,207.880136566047
119000286,1165010109,158.513684029538
119900202,1165010109,135.642693767108
119900196,1165010109,216.763841501067
119900184,1165010109,318.032470016467
121000532,1165010109,207.480987784284
121000531,1165010109,151.503319349628
121000187,1165010109,373.150640832231
121900255,1165010109,186.060357113342
121000311,1165010109,398.053394179991
121900152,1165010109,335.186832426959
121900258,1165010109,239.460900242985
121900170,1165010109,232.180578609188
121000028,1165010804,306.557361045566
121000038,1165010804,114.052625827896
121000039,1165010804,320.351398501803
121000089,1165010804,85.8855585418695
121000090,1165010804,94.7418202910417
121000091,1165010804,331.217821902524
121000092,1165010804,90.4569322935827
121000093,1165010804,348.502956202382
121000262,1165010804,344.334815547451
121900088,1165010804,324.423879306956
121900102,1165010804,266.777564369522
121900107,1165010804,225.678640254574
121900220,1165010804,357.617745689047
121900207,1165010804,272.783384042836
121900239,1165010804,94.3589495520083
121900240,1165010804,339.518201757186
121900129,1165010804,376.499920983952
122000732,1165010804,313.112016107434
121900174,1165010804,312.403346742224
121900303,1165010102,373.930593208767
121000177,1165010102,95.7370652050707
121000186,1165010102,133.702107101718
121900064,1165010102,265.701465556775
121900076,1165010102,138.775026711996
121900089,1165010102,277.348378561898
121900097,1165010102,390.662575186771
121900296,1165010102,314.907369624132
121900138,1165010102,202.813368443951
121900234,1165010102,145.801488062341
121900235,1165010102,261.721527757803
121000033,1165010829,119.102131460021
121000067,1165010829,387.250830390386
121000068,1165010829,365.513812501253
121000069,1165010829,324.063342873059
121000077,1165010829,130.39982459766
121000078,1165010829,167.238042990435
121500100,1165010829,150.55780426963
121000080,1165010829,260.917246763771
121000081,1165010829,223.176978970192
121900008,1165010829,363.897549813653
121000290,1165010829,305.550922077398
121000297,1165010829,318.013384987862
121900226,1165010829,223.00048980406
121900026,1165010829,293.280330104667
121900281,1165010829,329.247734247005
121900215,1165010829,178.729583434353
121900230,1165010829,132.627675745006
121900231,1165010829,266.605144336992
121900137,1165010829,327.582527098385
121900233,1165010829,254.573635793414
121900155,1165010829,353.718144096355
121500090,1165010829,164.850268136378
121900317,1165011104,287.882085165793
121000962,1165011104,176.200923602372
121000961,1165011104,179.464757199144
121000981,1165011104,280.109331934002
121900321,1165011104,308.801553650854
121900322,1165011104,278.05779779932
121900319,1165011104,85.2597408208308
121900320,1165011104,118.995396210781
121900318,1165011104,291.643211024455
121900317,1165011102,99.1815810831152
121000961,1165011102,391.516971455871
121900321,1165011102,156.160907480898
121900322,1165011102,163.786407922671
121900319,1165011102,317.773640676331
121900320,1165011102,344.214561544164
121900318,1165011102,108.344871554103
121900316,1165011102,308.512576879791
121900326,1165011102,352.246101050988
121900325,1165011102,361.765607205183
121900315,1165011102,314.736677552439
121000105,1165010621,345.575685332947
121000106,1165010621,359.356766534229
121900108,1165010621,375.234472432346
121900114,1165010621,184.464186846631
121900242,1165010621,138.834400279127
121900243,1165010621,200.392184043428
121900244,1165010621,389.839618944023
121000017,1165010626,326.428617392699
121000018,1165010626,392.268183440983
121900108,1165010626,236.399744782355
121900114,1165010626,184.400689932179
121900242,1165010626,265.774140127868
121900243,1165010626,184.73046968721
121900244,1165010626,249.725783732275
ICB121000017,1165010626,320.316936026222
ICB121000018,1165010626,343.444230116057
121000019,1165010651,231.158609558387
121000020,1165010651,208.577311220423
121000136,1165010651,364.762583248038
121000143,1165010651,344.634900893853
121000144,1165010651,221.670472081101
121000302,1165010651,300.055481767715
121000303,1165010651,251.655995226679
121900062,1165010651,385.58836483342
121900074,1165010651,217.009033822354
121900251,1165010651,349.366111882863
121900209,1165010651,132.154624433988
121900201,1165010651,185.315728032815
121001322,1165010651,361.53153258145
121900248,1165010651,364.762583248038
ICB121000019,1165010651,192.864857053316
ICB121000020,1165010651,199.033092702459
121000086,1165010801,119.548738147284
121000087,1165010801,190.58133260632
121000088,1165010801,173.372625015541
121000117,1165010801,393.352512757506
121000118,1165010801,136.528081618159
121900078,1165010801,378.797120863305
121900086,1165010801,321.215574286772
121900092,1165010801,266.831033329684
121900099,1165010801,243.575273020605
121900102,1165010801,354.008137179456
121900245,1165010801,244.995120972529
121900294,1165010801,123.618037696207
121900220,1165010801,259.41593437522
121000027,1165010853,377.490411788835
121000028,1165010853,293.539143261306
121000057,1165010853,390.113687825479
121000093,1165010853,254.169687334115
121000094,1165010853,312.526426308107
121000095,1165010853,379.114712345857
121900015,1165010853,231.66502282697
121900107,1165010853,268.453800384723
121900122,1165010853,171.518972442491
121000929,1165010853,340.974031714912
121900240,1165010853,252.195666676899
121900174,1165010853,223.849521010725
ICB121000929,1165010853,332.918404203845
121000039,1165010810,247.028020341476
121000041,1165010810,85.7179290537882
121000042,1165010810,76.7050289278692
121000043,1165010810,302.147082554005
121000044,1165010810,333.279758215056
121000045,1165010810,133.1919761483
121000046,1165010810,141.840616910495
121000047,1165010810,355.814511083559
121000055,1165010810,396.856633271299
121900029,1165010810,392.250378435122
121900080,1165010810,136.149930429039
121000937,1165010810,396.557466734195
121000973,1165010810,394.48341438237
121900207,1165010810,288.792045598019
121900192,1165010810,391.141290989059
121900177,1165010810,237.223861159337
121900023,1165010810,343.869167038064
121000021,1165010707,232.813237823601
121001326,1165010707,185.177203259503
121900042,1165010707,352.554942918261
121900053,1165010707,179.9719413153
121900087,1165010707,295.914116695366
121900252,1165010707,220.88422736644
121900095,1165010707,296.31161272933
121900332,1165010707,132.563380936916
121900253,1165010707,246.340362014951
121900189,1165010707,268.857605597514
121900161,1165010707,293.602502572754
121001302,1165010707,135.085362178723
ICB121000021,1165010707,244.303640259545
121000098,1165010615,278.510067560547
121000099,1165010615,209.143107384133
121000100,1165010615,279.131637872373
121000101,1165010615,318.500283097271
121000102,1165010615,336.867044467284
121000103,1165010615,194.593780652452
121000104,1165010615,178.439322308189
121000105,1165010615,264.263727027083
121000106,1165010615,252.113448269191
121000128,1165010615,264.539755524777
121000982,1165010313,93.0968981347324
121900329,1165010313,251.156323324106
121900307,1165010313,95.1197867042702
121900306,1165010313,257.942919005727
121001313,1165010313,155.794488994309
121000009,1165010808,212.643098855102
121000010,1165010808,206.424445183297
121000038,1165010808,358.136041992132
121000039,1165010808,166.077887794439
121000041,1165010808,164.709905929854
121000042,1165010808,182.66695397878
121000043,1165010808,255.940432655109
121000044,1165010808,274.521355639868
121000045,1165010808,336.15273290441
121000046,1165010808,340.417708285665
121000055,1165010808,270.300848566044
121000091,1165010808,359.961495625567
121000262,1165010808,347.257728295792
121000271,1165010808,290.060408362121
121900080,1165010808,346.795588673661
121900088,1165010808,357.826917247222
121000937,1165010808,183.217392069454
121000541,1165010808,250.451952288916
121000974,1165010808,193.076877502499
121000973,1165010808,185.643736680407
121900207,1165010808,206.722798854027
121900198,1165010808,292.404895965137
121900192,1165010808,246.469977695306
122000732,1165010808,338.779275662755
121900177,1165010808,370.732421872419
121000921,1165010808,203.200132368003
122900101,1165010808,222.662128063635
122000614,1165010808,233.41379926364
ICB121000541,1165010808,260.068830799982
ICB121000937,1165010808,187.279445317652
ICB122900101,1165010808,251.173725206239
121000099,1165010611,396.469896909967
121000103,1165010611,88.2027057939647
121000104,1165010611,121.074498921671
121000105,1165010611,156.473779195507
121000106,1165010611,181.127883642508
121000110,1165010611,393.808576715393
121900242,1165010611,316.927647943701
121000098,1165010633,283.506585897517
121000128,1165010633,305.285761405976
121000129,1165010633,149.417984420735
121000130,1165010633,160.060981647661
121900108,1165010633,284.590392364271
121900114,1165010633,329.262144769337
121900241,1165010633,346.809542895729
121900213,1165010633,376.895707566696
121900243,1165010633,315.49071101027
121900244,1165010633,282.072988168729
121000098,1165010617,110.734164176566
121000105,1165010617,362.37063118488
121000106,1165010617,333.92081148871
121000128,1165010617,87.081444706971
121000072,1165010138,391.652396041945
121000074,1165010138,297.035206821179
121000152,1165010138,246.564714204051
121000168,1165010138,375.143546703965
121000169,1165010138,373.493543759976
121000170,1165010138,323.992311169451
121000171,1165010138,333.690673264383
121000172,1165010138,232.84091273284
121000312,1165010138,396.795964055878
121900035,1165010138,379.260779278195
121900227,1165010138,232.327947193862
121900054,1165010138,309.228210357788
121900064,1165010138,293.832862969002
121900105,1165010138,300.002166815602
121900113,1165010138,391.903674497367
121900200,1165010138,372.585255530191
121900228,1165010138,247.116544008457
121900188,1165010138,384.882630794326
121900127,1165010138,306.077403899831
121900271,1165010138,369.189187203008
121900235,1165010138,305.65500255412
121900236,1165010138,300.242564826951
121900179,1165010138,388.158512239264
119000288,1165010110,129.69229895693
119000287,1165010110,129.69229895693
119000286,1165010110,293.812972823536
119900202,1165010110,130.105189685641
119900196,1165010110,359.618181776451
121000532,1165010110,352.902548945852
121000531,1165010110,98.042673486377
121000530,1165010110,321.897691335971
121000187,1165010110,280.261852847051
121900255,1165010110,74.879468356355
121900149,1165010110,331.724011139099
121900152,1165010110,318.099775626684
121900258,1165010110,385.840743007019
121900170,1165010110,347.949851597665
121900171,1165010110,324.57587264719
121000982,1165010314,270.1093421627
121900329,1165010314,62.9166621277468
121900307,1165010314,148.050675550727
121900306,1165010314,71.268388478309
121001313,1165010314,239.881822803719
ICB121000086,1165010314,359.419104306309
121000007,1165010809,326.885338298774
121000009,1165010809,234.918632517518
121000010,1165010809,163.815979538276
121000039,1165010809,263.563509789066
121000041,1165010809,177.460502420903
121000042,1165010809,189.213640292399
121000043,1165010809,163.269541733619
121000044,1165010809,177.980411237886
121000045,1165010809,322.324794727932
121000046,1165010809,323.767515862753
121000055,1165010809,172.864794056622
121000271,1165010809,336.705691686718
121900080,1165010809,335.723840571311
121000937,1165010809,135.856655031179
121000541,1165010809,288.086427373605
121000974,1165010809,199.97369634384
121000973,1165010809,132.437997938895
121900207,1165010809,305.87252967506
121900198,1165010809,339.484689521232
121900192,1165010809,152.284988928299
121000920,1165010809,338.474038794847
121900177,1165010809,321.376347822111
121000921,1165010809,219.334407368184
122000191,1165010809,311.622323542235
122900101,1165010809,152.072541489386
122000614,1165010809,154.446901401646
ICB121000007,1165010809,342.067340937727
ICB121000541,1165010809,301.025630993232
ICB121000937,1165010809,142.008884851071
ICB122900101,1165010809,175.532285907226
121000986,1165011101,361.985178435111
121000254,1165011101,331.071354939197
121000278,1165011101,336.509328370509
121000988,1165011101,273.610342341738
121000987,1165011101,253.438294341147
121900310,1165011101,59.9455806239834
121900311,1165011101,85.7789899890187
121900308,1165011101,225.379829475073
121900312,1165011101,236.508974926325
121900309,1165011101,396.268251407911
121900321,1165011101,371.398306516643
121900316,1165011101,150.068701554546
121900315,1165011101,134.84481725969
121000099,1165010610,250.005481449913
121000100,1165010610,230.678979660436
121000101,1165010610,142.091104842151
121000102,1165010610,163.543636327801
121000103,1165010610,274.082824207348
121000104,1165010610,243.331851305946
121000110,1165010610,326.708808820663
122000631,1165010610,245.330322838411
122000009,1165010610,290.050994347503
122000617,1165010610,332.357273499609
121000033,1165010827,130.292764862302
121000034,1165010827,379.46296038031
121000035,1165010827,325.995888342814
121000036,1165010827,369.387244220815
121000037,1165010827,332.895529921837
121000077,1165010827,281.462011926411
121000078,1165010827,260.375093339404
121500100,1165010827,145.308903601206
121000080,1165010827,367.042595563421
121000081,1165010827,265.01647312574
121000290,1165010827,132.418467367036
121000297,1165010827,145.67348725378
121900226,1165010827,260.141554683448
121900026,1165010827,135.730961289949
121900223,1165010827,324.388460434984
121900215,1165010827,248.484827565432
121900225,1165010827,331.09500848769
121900230,1165010827,275.799145863141
121900137,1165010827,145.090806838145
121900233,1165010827,352.505912495128
121500090,1165010827,216.703965982906
121000098,1165010647,392.584747880447
121000099,1165010647,119.035717046597
121000100,1165010647,178.663619720835
121000101,1165010647,204.929855255171
121000102,1165010647,224.33861045427
121000103,1165010647,196.202369075957
121000104,1165010647,163.253202867487
121000105,1165010647,329.550797149512
121000106,1165010647,326.519019091581
121000128,1165010647,378.249920485631
121000026,1165010828,349.685525266902
121000033,1165010828,147.126523866935
121000077,1165010828,301.28595649609
121000078,1165010828,305.390920812586
121500100,1165010828,55.8767957103632
121000080,1165010828,236.12284170718
121000081,1165010828,130.723407623575
121000082,1165010828,368.703062808923
121000290,1165010828,106.150641298543
121000297,1165010828,116.414495813533
121900226,1165010828,125.616853798423
121900026,1165010828,90.7945815006018
121900223,1165010828,399.011330766104
121900215,1165010828,302.48561205404
121900230,1165010828,298.744248903462
121900137,1165010828,128.144883069566
121900233,1165010828,220.941787179156
121500090,1165010828,94.1736292329865
121000026,1165010858,282.729009131104
121000032,1165010858,304.33105860805
121000063,1165010858,156.853836666796
121000064,1165010858,296.950790861854
121000065,1165010858,179.553490480372
121000066,1165010858,304.136460524488
121000080,1165010858,324.016912596027
121000081,1165010858,397.121967712001
121000082,1165010858,272.210886190423
121000083,1165010858,194.758254328952
121000084,1165010858,152.310551459067
121900109,1165010858,170.403490723965
121000520,1165010858,203.045248903622
121900134,1165010858,151.310948767451
121900233,1165010858,332.008568841996
121900237,1165010858,146.723083468731
ICB121000064,1165010858,294.49746557637
ICB121000520,1165010858,131.729789436068
121000123,1165010718,359.695895347854
121000137,1165010718,139.447071571925
121000138,1165010718,365.201938149385
121000139,1165010718,173.814253189558
121000142,1165010718,384.475178011889
121900096,1165010718,378.582837015632
121900183,1165010718,386.978727800416
119000286,1165010130,313.547724387257
119000285,1165010130,371.446589997791
119000091,1165010130,382.391163812555
119000092,1165010130,379.331344670767
119900075,1165010130,336.468579573602
119900044,1165010130,314.603262617974
119900022,1165010130,363.013748281638
119900196,1165010130,261.199744454436
119900184,1165010130,207.293874233725
121000532,1165010130,241.810317708646
121000304,1165010130,41.0212811653097
121000305,1165010130,217.887638312303
121000311,1165010130,52.6707312885709
121900024,1165010130,41.3819594587205
121900032,1165010130,194.845711807895
121900098,1165010130,362.765884585917
121900106,1165010130,223.875768007149
121900120,1165010130,128.490768992948
121900258,1165010130,219.222313300206
121900170,1165010130,174.500965512399
121000099,1165010608,249.048053208813
121000100,1165010608,180.726446116147
121000101,1165010608,200.178840322355
121000102,1165010608,174.219539627221
122000408,1165010608,315.49906602441
121000152,1165010134,369.847908929162
121000153,1165010134,206.576642383323
121000156,1165010134,216.977055287792
121000157,1165010134,374.742915614552
121000172,1165010134,385.83925987394
121000173,1165010134,394.640052034379
121000308,1165010134,351.692874389013
121000312,1165010134,312.46637069019
121000313,1165010134,283.671639891328
121900022,1165010134,315.236126902356
121900259,1165010134,216.971323571865
121900035,1165010134,308.803669431734
121900227,1165010134,380.963337785695
121900269,1165010134,387.963836012937
121900113,1165010134,375.903158280204
121900118,1165010134,259.99998595967
121900261,1165010134,357.140006531908
121900228,1165010134,374.995299281893
121900264,1165010134,385.082339993198
121000145,1165010123,163.543471016909
121000146,1165010123,342.072899736605
121000147,1165010123,119.396520015567
121000148,1165010123,290.145664294245
121900003,1165010123,308.260488475707
121900010,1165010123,167.370981604624
121900018,1165010123,226.161662302774
121900019,1165010123,308.899258422237
121900025,1165010123,362.765710691615
121900033,1165010123,395.009576028069
121900040,1165010123,107.801776039679
121900050,1165010123,253.608614869075
121900140,1165010123,225.746794221352
121900142,1165010123,79.7819795849616
121900146,1165010123,353.539170542205
121900157,1165010123,225.795471583837
121900159,1165010123,163.332011779146
121900160,1165010123,304.4526062975
121900168,1165010123,386.760518771035
119000289,1165010120,137.554006173676
119900204,1165010120,173.454265780294
119900199,1165010120,317.525612546835
121000145,1165010120,289.812714931248
121000147,1165010120,336.191871440156
121000149,1165010120,168.555787666951
121900003,1165010120,88.6144683098649
121900010,1165010120,217.445049870222
121900018,1165010120,372.105795970422
121900019,1165010120,352.254594817127
121900050,1165010120,275.005167428507
121900140,1165010120,267.867743223695
121900142,1165010120,364.558478855014
121900157,1165010120,380.186423444003
121900159,1165010120,190.970478014824
121900160,1165010120,101.028689193792
121000034,1165010820,342.389444168762
121000035,1165010820,397.471692638539
121000036,1165010820,198.5502498066
121000037,1165010820,219.266315255786
121000051,1165010820,360.950107334302
121000052,1165010820,296.235873683627
121900223,1165010820,227.36922671077
121900224,1165010820,113.362715480523
121900052,1165010820,323.324313062013
121900225,1165010820,393.829205936569
121900128,1165010820,354.956055593578
121900132,1165010820,143.432009115417
121000203,1165010301,319.052779746647
121000204,1165010301,335.938435661341
121000138,1165010721,318.099818122044
121900250,1165010721,268.907309710539
121900087,1165010721,216.593402282071
121900252,1165010721,228.102170067536
121900095,1165010721,164.240150478376
121900111,1165010721,278.569501643638
121900117,1165010721,355.703889289351
121001323,1165010721,284.21244500699
121900161,1165010721,223.848715839486
121900254,1165010721,273.648315813776
121900183,1165010721,302.770429626203
119000302,1165010112,338.722318284843
120000672,1165010112,243.800376970792
121001314,1165010112,144.576105523626
120000059,1165010112,178.567505127957
120000060,1165010112,148.133496445988
121001315,1165010112,193.513284686647
121000158,1165010112,381.969646345447
121000166,1165010112,82.8179088331653
121000176,1165010112,361.92549872653
121000181,1165010112,386.935142419767
121000182,1165010112,359.908654162596
121900009,1165010112,211.429449440348
121900267,1165010112,357.297301914509
121900044,1165010112,298.28344354206
121900214,1165010112,294.422116888309
121900204,1165010112,232.657906989367
121001325,1165010112,249.822369837765
121900180,1165010112,394.433564161657
121000201,1165010302,387.735629533692
121000202,1165010302,382.255558349872
121000203,1165010302,175.202706822463
121000204,1165010302,196.406198482169
121900274,1165010302,357.976471848159
121900278,1165010302,393.938455288491
121900279,1165010302,359.367211247299
121000129,1165010635,217.886935190319
121000130,1165010635,202.343822245974
121000131,1165010635,337.054175745604
121000132,1165010635,313.931074597515
121900100,1165010635,330.453804890977
121900108,1165010635,88.6751099421797
121900114,1165010635,288.937113826203
121900241,1165010635,175.141537945256
121900213,1165010635,295.701561027213
121900243,1165010635,270.931223971244
121900244,1165010635,76.4603243864646
121000956,1165010310,323.213027054407
121000959,1165010310,377.13101113425
121000982,1165010310,191.807911072989
121900307,1165010310,324.201051072976
121000960,1165010310,387.327687981269
121001313,1165010310,276.989262365315
121000026,1165010840,185.160534386092
121000031,1165010840,381.785977180504
121000032,1165010840,238.317165946046
121000063,1165010840,227.669919129631
121000064,1165010840,395.948680199098
121000065,1165010840,246.765600387579
121000067,1165010840,399.222821173896
121000068,1165010840,390.045177106907
121000080,1165010840,242.914588308469
121000081,1165010840,298.388110968742
121000082,1165010840,179.071770253747
121000083,1165010840,159.648879396434
121000084,1165010840,132.847171419859
121900226,1165010840,301.589462770715
121900101,1165010840,395.222204560856
121900109,1165010840,147.106554249424
121000520,1165010840,245.06639754596
121900134,1165010840,247.793829312892
121900233,1165010840,247.133482809174
121900237,1165010840,131.028757689416
121900156,1165010840,371.8083465804
121500090,1165010840,362.726632043478
ICB121000064,1165010840,390.580974792525
ICB121000520,1165010840,208.073133012265
121000127,1165010118,127.073993657756
121000141,1165010118,134.361496507977
121000145,1165010118,183.31269094784
121000147,1165010118,177.111640933569
121900003,1165010118,396.195880469703
121900004,1165010118,273.830419737319
121900011,1165010118,112.795126494204
121900019,1165010118,160.21675134704
121900027,1165010118,184.017681216569
121900034,1165010118,331.974882165323
121900040,1165010118,251.041297057235
121900050,1165010118,203.337835551674
121900140,1165010118,201.011848707972
121900142,1165010118,216.897088324134
121900160,1165010118,384.51441346154
121000168,1165010103,197.691485642752
121000169,1165010103,222.189060716293
121000177,1165010103,318.927612974906
121000178,1165010103,227.736191108753
121000185,1165010103,182.404946116821
121000186,1165010103,358.169092311083
121900089,1165010103,59.5914759587898
121900097,1165010103,157.338142407777
121900105,1165010103,348.8419415028
121900271,1165010103,228.150878139548
121900175,1165010103,295.91024897986
121000168,1165010104,158.639163909695
121000169,1165010104,181.033351178629
121000177,1165010104,325.254890821282
121000178,1165010104,268.910459897635
121000185,1165010104,234.640231206372
121000186,1165010104,366.411751819748
121900076,1165010104,390.653336303211
121900089,1165010104,131.875015588606
121900097,1165010104,137.861190340757
121900105,1165010104,288.010919007953
121900127,1165010104,360.96134231229
121900271,1165010104,185.377477432089
121900234,1165010104,398.662481772252
121900175,1165010104,331.513348061498
120000672,1165010113,133.937740480311
121001314,1165010113,356.242602600574
120000059,1165010113,395.229067893285
120000060,1165010113,172.581143954782
121000166,1165010113,270.976091337598
121000182,1165010113,390.810897985256
121000179,1165010117,321.917959792506
121900001,1165010117,65.7064681888308
121000181,1165010117,377.983676549016
121000182,1165010117,399.422219254814
121000183,1165010117,69.4752871750672
121000263,1165010117,69.1901117091991
121900017,1165010117,131.837767073658
121900266,1165010117,52.1001090595416
121900084,1165010117,287.609094935881
121900090,1165010117,241.909747549932
121900119,1165010117,149.000457444605
121900136,1165010117,173.457954557214
121900141,1165010117,164.328385040536
121000157,1165010108,307.912840318129
121000160,1165010108,54.3126577324862
121000161,1165010108,136.364054072765
121000173,1165010108,292.555072825351
121000174,1165010108,79.3465323819335
121900058,1165010108,245.961987206065
121900071,1165010108,39.6312777239526
121900072,1165010108,385.150107325458
121900269,1165010108,301.622972632284
121900082,1165010108,254.143147123124
121900270,1165010108,72.4078818846208
121900110,1165010108,129.770898936575
121900188,1165010108,395.890569321809
121900264,1165010108,294.447888186728
121000074,1165010105,398.037047918961
121000152,1165010105,309.664799723681
121000168,1165010105,285.790473982105
121000169,1165010105,280.86116163903
121000170,1165010105,256.43926956688
121000171,1165010105,262.107271263468
121000172,1165010105,298.930826121473
121000312,1165010105,367.768327624036
121900035,1165010105,353.729481389069
121900227,1165010105,296.006439590799
121900064,1165010105,373.95686162514
121900097,1165010105,329.130661300985
121900105,1165010105,199.163247370767
121900113,1165010105,347.080694240347
121900228,1165010105,312.581799905571
121900188,1165010105,332.604415527057
121900127,1165010105,211.702127349508
121900271,1165010105,275.824419116391
121900235,1165010105,384.428155824623
121000072,1165010139,370.029564190255
121000074,1165010139,310.101922326159
121000152,1165010139,112.784340061335
121000170,1165010139,276.049211590903
121000171,1165010139,291.773457329371
121000172,1165010139,105.788618535552
121000312,1165010139,277.78503138254
121000313,1165010139,355.518995320449
121900035,1165010139,257.580503772289
121900227,1165010139,100.620126048432
121900054,1165010139,307.678259633081
121900105,1165010139,355.128237520989
121900113,1165010139,295.036524660594
121900118,1165010139,379.679714434438
121900200,1165010139,323.236502892704
121900228,1165010139,117.61902191079
121900188,1165010139,300.45025827371
121900127,1165010139,324.96881471811
121900236,1165010139,320.863790908609
121900179,1165010139,336.270108046206
121000207,1165010308,180.483192709573
121000208,1165010308,213.670496591199
121000956,1165010308,218.776513897926
121000959,1165010308,353.307999285884
121000960,1165010308,151.864989282655
121000017,1165010623,250.120515681087
121000018,1165010623,350.661783124106
121900114,1165010623,343.501781884625
121900242,1165010623,372.281750197036
121900243,1165010623,349.463525419682
ICB121000017,1165010623,252.300719267392
ICB121000018,1165010623,251.981746454675
121900317,1165011103,305.477872064361
121000962,1165011103,238.241108857349
121000961,1165011103,304.783001527502
121000981,1165011103,189.222927500096
121900319,1165011103,147.832295566273
121900320,1165011103,131.952212952406
121900318,1165011103,303.850580372566
121000129,1165010639,229.824573458602
121000130,1165010639,210.512528446404
121000131,1165010639,320.572657743986
121000132,1165010639,303.904258059338
121900100,1165010639,323.241549138861
121900108,1165010639,306.887399040207
121900241,1165010639,75.8286805019892
121900213,1165010639,79.9703370774645
121900244,1165010639,292.332907594924
121000028,1165010848,154.690317236259
121000038,1165010848,373.51716482669
121000089,1165010848,364.491766141754
121000090,1165010848,378.106847503916
121000092,1165010848,274.202169068537
121000093,1165010848,152.160576609807
121900015,1165010848,236.916655968235
121900099,1165010848,394.598980064875
121900107,1165010848,78.7718018719373
121900122,1165010848,234.87090589729
121900239,1165010848,267.355309301106
121900240,1165010848,142.621599254974
121900174,1165010848,86.3394341969851
121000028,1165010844,293.499905203266
121000029,1165010844,278.474245686812
121000030,1165010844,305.85305418219
121000093,1165010844,301.626229299512
121900015,1165010844,304.783297208008
121900029,1165010844,83.9456084366035
121900036,1165010844,282.406111447854
121900122,1165010844,374.674264112363
121900240,1165010844,309.270741669117
121900222,1165010844,305.66406866064
121900143,1165010844,383.366868797669
121900158,1165010844,395.474040455631
121900174,1165010844,363.751866584944
121900023,1165010844,64.1830032020351
121000086,1165010724,309.931724000235
121000118,1165010724,371.544569188739
121000119,1165010724,245.981167064899
121000120,1165010724,105.416504986664
121900046,1165010724,333.875387651891
121900055,1165010724,214.312216308818
121900066,1165010724,190.630527420294
121900067,1165010724,188.902612776206
121900078,1165010724,216.253037650083
121900079,1165010724,202.919160826832
121900086,1165010724,267.605940929271
121900092,1165010724,338.089183117087
121900099,1165010724,398.30138106594
121900245,1165010724,396.673166521186
121000098,1165010632,244.835500990427
121000105,1165010632,295.209327308143
121000106,1165010632,274.401344977752
121000128,1165010632,268.849192191717
121000129,1165010632,299.81592566227
121000130,1165010632,304.806034179854
121900108,1165010632,273.337242483737
121900114,1165010632,199.842355912705
121900242,1165010632,261.748108643413
121900243,1165010632,191.645419625698
121900244,1165010632,279.13883739738
121000029,1165010845,136.995931507085
121000030,1165010845,139.556536600603
121900029,1165010845,151.984277492087
121900036,1165010845,102.41697237548
121900093,1165010845,208.625998982447
121900101,1165010845,391.890452122005
121900222,1165010845,79.2288942544353
121900143,1165010845,293.566588362755
121900158,1165010845,169.326009743326
121900023,1165010845,279.724895187288
121000017,1165010625,98.212436127786
121000018,1165010625,204.270308372668
ICB121000017,1165010625,102.984880123977
ICB121000018,1165010625,98.4766210852402
121000033,1165010830,318.571506832606
121000067,1165010830,201.819227916096
121000068,1165010830,182.893309948317
121000069,1165010830,135.55779251667
121000077,1165010830,279.838661822781
121000078,1165010830,333.691523970544
121500100,1165010830,308.846886555885
121000080,1165010830,244.398091864496
121000081,1165010830,291.322166284445
121900008,1165010830,222.499143640985
121900226,1165010830,294.991177359828
121900281,1165010830,200.988422413907
121900215,1165010830,351.799301154351
121000520,1165010830,385.310410564591
121900230,1165010830,286.474899015046
121900231,1165010830,161.287367076954
121900233,1165010830,250.68786724047
121900155,1165010830,152.231542274738
121500090,1165010830,271.605629515948
121000098,1165010634,363.492048219936
121000128,1165010634,387.314984145586
121000129,1165010634,188.651630202836
121000130,1165010634,185.087563026316
121900108,1165010634,164.335596402296
121900114,1165010634,241.577540080021
121900242,1165010634,356.328336222985
121900241,1165010634,284.646499011996
121900213,1165010634,363.904979172509
121900243,1165010634,224.941085342452
121900244,1165010634,163.321059174598
121000017,1165010627,135.294809583208
121000018,1165010627,182.151170134723
121000131,1165010627,318.64350654202
121000132,1165010627,312.504770126507
121000135,1165010627,399.680698420546
121900100,1165010627,305.728585038491
121900108,1165010627,319.809190539825
121900114,1165010627,385.284857749654
121900243,1165010627,380.970339722442
121900244,1165010627,326.030869999433
121900153,1165010627,391.542877087476
ICB121000017,1165010627,124.548286384957
ICB121000018,1165010627,160.699193791689
121000201,1165010304,38.3919404586743
121000202,1165010304,55.2115039595578
121000203,1165010304,268.261210566967
121000204,1165010304,259.123684455348
121000984,1165010304,295.924105522013
121900274,1165010304,369.919855762863
121000957,1165010304,183.976637512603
121000958,1165010304,309.599720967741
121001308,1165010304,318.757137094143
121900206,1165010304,279.302761982226
121900278,1165010304,40.4043746666768
121900279,1165010304,381.478299171927
121000201,1165010303,217.358683656224
121000202,1165010303,210.929995153779
121000203,1165010303,99.4942896649936
121000204,1165010303,105.897942501408
121900274,1165010303,284.735385776816
121000957,1165010303,374.025102685255
121900278,1165010303,223.701965272551
121900279,1165010303,291.873543117877
121000129,1165010640,309.871063718823
121000130,1165010640,289.812372881597
121000131,1165010640,250.320402341842
121000132,1165010640,236.727855038411
121900100,1165010640,255.14710306063
121900108,1165010640,322.093491711897
121900241,1165010640,87.5515614222302
121900213,1165010640,140.879570985028
121900209,1165010640,378.951217483135
121900244,1165010640,307.74162165382
121900303,1165010833,326.907309911253
121000070,1165010833,298.929650389293
121000071,1165010833,301.213637337243
121000072,1165010833,253.370084276899
121000073,1165010833,220.647487013354
121000074,1165010833,208.950107247314
121000075,1165010833,390.881026693171
121000076,1165010833,382.58005444916
121900054,1165010833,229.738644260724
121900064,1165010833,170.311604144389
121900076,1165010833,324.351315079154
121900296,1165010833,349.832532404555
121900200,1165010833,318.489813916825
121900232,1165010833,376.984047283779
121900138,1165010833,363.145781258186
121900234,1165010833,341.826421154878
121900235,1165010833,167.90001962207
121900236,1165010833,193.082501745817
121900179,1165010833,325.382941312696
121000129,1165010641,321.562600930695
121000130,1165010641,300.90217488829
121000131,1165010641,213.444480474072
121000132,1165010641,198.572602249688
121900100,1165010641,217.393031133976
121900108,1165010641,295.532674956228
121900241,1165010641,80.3014667316681
121900213,1165010641,176.895157186905
121900209,1165010641,393.392397654156
121900244,1165010641,281.535131483179
121000025,1165010846,225.725356088293
121000027,1165010846,70.0447281474871
121000058,1165010846,219.313369696657
121000085,1165010846,226.258987364928
121000094,1165010846,108.05727833032
121000095,1165010846,375.634939119386
121900007,1165010846,86.2693166282056
121900015,1165010846,313.039521426002
121900122,1165010846,299.884690301226
121900217,1165010846,107.577755631271
121000929,1165010846,81.5218995841091
121900135,1165010846,182.144589903325
121900143,1165010846,229.375865716658
121001320,1165010846,242.034940833391
ICB121000929,1165010846,86.8975601928211
121000099,1165010609,252.81053453889
121000100,1165010609,187.41341095919
121000101,1165010609,115.201834646669
121000102,1165010609,99.1076826913485
122000631,1165010609,362.987482401821
121000026,1165010841,162.432416498973
121000031,1165010841,159.613426180167
121000032,1165010841,203.591827441892
121500100,1165010841,376.968556456827
121000080,1165010841,383.030005085844
121000081,1165010841,321.761700098822
121000082,1165010841,174.844727666051
121000083,1165010841,302.764714767244
121000084,1165010841,335.524579345757
121000290,1165010841,267.979347065994
121000297,1165010841,254.734777564398
121900226,1165010841,318.834974040163
121900026,1165010841,266.909832381443
121900093,1165010841,277.236027969363
121900101,1165010841,161.638881339361
121900109,1165010841,325.984941118888
121900137,1165010841,256.756302357762
121900233,1165010841,371.329145873132
121900237,1165010841,341.210522006814
121900156,1165010841,150.204476520265
121900158,1165010841,323.642641008488
121500090,1165010841,361.086576159571
121000007,1165010817,122.779606373023
121000008,1165010817,138.868896051688
121000041,1165010817,387.622132697631
121000042,1165010817,377.714847136131
121000043,1165010817,198.355665909954
121000044,1165010817,189.846675062611
121000045,1165010817,351.635266500888
121000046,1165010817,343.36126355908
121000047,1165010817,198.769716750241
121000049,1165010817,228.65057223303
121000050,1165010817,231.758850848916
121000055,1165010817,267.771540941198
121900080,1165010817,364.291517592386
121900192,1165010817,298.192671833042
121900187,1165010817,234.963530424996
121900139,1165010817,116.273056133752
121900130,1165010817,210.896069304125
121000920,1165010817,117.02021475644
121900177,1165010817,229.06218759297
122000190,1165010817,378.263429078251
122000191,1165010817,159.360339237766
122000217,1165010817,323.797436357502
122900101,1165010817,382.833285902143
122000614,1165010817,359.80033057529
ICB121000007,1165010817,114.325138312434
ICB121000008,1165010817,149.450941828458
ICB122900101,1165010817,372.160780008589
121000098,1165010616,336.262630925108
121000103,1165010616,133.1014155327
121000104,1165010616,168.934002820098
121000105,1165010616,51.5359342859459
121000106,1165010616,77.5868111581396
121000128,1165010616,341.807030029528
121900114,1165010616,353.958544248584
121900242,1165010616,243.321462710788
121900243,1165010616,366.3158193301
121000103,1165010620,231.900386355725
121000104,1165010620,269.186477440467
121000105,1165010620,125.698755001801
121000106,1165010620,152.712714928679
121900114,1165010620,289.690701975219
121900242,1165010620,157.618463664979
121900243,1165010620,305.448355081371
121000009,1165010807,256.660043345479
121000010,1165010807,292.504888932442
121000038,1165010807,267.764675238974
121000039,1165010807,66.4163777246374
121000041,1165010807,185.121837347229
121000042,1165010807,203.819616736365
121000043,1165010807,344.695168972734
121000044,1165010807,366.533881809261
121000045,1165010807,353.666535714816
121000046,1165010807,360.252954472451
121000055,1165010807,369.726910208407
121000089,1165010807,371.326840296503
121000090,1165010807,343.478248089283
121000091,1165010807,328.371887570164
121000092,1165010807,326.584065225613
121000262,1165010807,320.087701377118
121000271,1165010807,298.7291656489
121900080,1165010807,360.810190079473
121900088,1165010807,324.49703828647
121000937,1165010807,272.891524532708
121000541,1165010807,273.97942998132
121000974,1165010807,252.570001416359
121000973,1165010807,277.186679418483
121900207,1165010807,108.474467596885
121900198,1165010807,300.312342081758
121900239,1165010807,331.120619918376
121900192,1165010807,346.153789292462
122000732,1165010807,303.058503294824
121000921,1165010807,253.944051486122
122900101,1165010807,318.044526856986
122000614,1165010807,330.803453770486
ICB121000541,1165010807,278.727116882449
ICB121000937,1165010807,275.867200296258
ICB122900101,1165010807,347.387020331124
121000294,1165010309,227.219038656337
121000956,1165010309,167.301078111595
121000959,1165010309,86.1827266141454
121000982,1165010309,269.594199374758
121900307,1165010309,281.324989668418
121000960,1165010309,360.64180791107
121001313,1165010309,183.798789956765
ICB121000086,1165010309,274.47483516267
121000098,1165010618,71.7149364373774
121000105,1165010618,312.771330846208
121000106,1165010618,282.765264041496
121000128,1165010618,94.4121313938602
121000129,1165010618,350.368248713928
121000130,1165010618,365.249116245366
121900114,1165010618,376.649609935348
121900242,1165010618,395.321927782693
121900243,1165010618,371.902547260775
121000086,1165010850,388.478576379738
121900055,1165010850,386.151748023495
121900066,1165010850,328.536482975602
121900067,1165010850,212.521115023335
121900078,1165010850,168.712661320424
121900079,1165010850,380.644151742158
121900086,1165010850,98.2245475269064
121900092,1165010850,82.3447345965682
121900099,1165010850,129.722417789437
121000012,1165010805,342.313527580013
121000038,1165010805,158.440754371388
121000039,1165010805,345.00087044261
121000087,1165010805,398.726517150156
121000089,1165010805,74.776075357465
121000090,1165010805,76.4575545556755
121000091,1165010805,197.409521262304
121000092,1165010805,228.292163572639
121000097,1165010805,283.637502504038
121000262,1165010805,214.418072241092
121000271,1165010805,328.885005388908
121000944,1165010805,360.139579701427
121000945,1165010805,380.298051714605
121900088,1165010805,191.647559184242
121900102,1165010805,224.756278340172
121900107,1165010805,368.482456563332
121900220,1165010805,321.873081922625
121000541,1165010805,367.085154997745
121900207,1165010805,301.179857518844
121900203,1165010805,265.947861351911
121900198,1165010805,326.80914297965
121900239,1165010805,235.266314517993
121900129,1165010805,216.032080401341
122000732,1165010805,188.468415850722
122000182,1165010805,289.095170863653
122900009,1165010805,268.336029742772
122000616,1165010805,359.460560711683
122000726,1165010805,304.832997024907
ICB121000541,1165010805,354.776576161914
121000007,1165010815,31.4842458542397
121000008,1165010815,100.036362503132
121000010,1165010815,382.666787545629
121000042,1165010815,395.37816204513
121000043,1165010815,177.469439871848
121000044,1165010815,155.794257616412
121000046,1165010815,396.358889759175
121000047,1165010815,285.46385727254
121000049,1165010815,304.524393004355
121000050,1165010815,298.73373595545
121000055,1165010815,203.534032234121
121000937,1165010815,368.051596565166
121000973,1165010815,357.400975563194
121900192,1165010815,236.314642930381
121900187,1165010815,326.29561928327
121900139,1165010815,90.7541756018813
121900130,1165010815,265.567747356268
121000920,1165010815,26.9446125277382
121900177,1165010815,292.27009015671
122000190,1165010815,344.501188406136
122000191,1165010815,69.0546518876607
122000217,1165010815,307.303135790026
122900101,1165010815,320.209389263812
122000614,1165010815,295.885488311983
ICB121000007,1165010815,25.5612340241462
ICB121000008,1165010815,88.2039318490007
ICB121000937,1165010815,372.732430570355
ICB122900101,1165010815,304.486970135329
121000251,1165011105,265.365422126009
121000275,1165011105,257.461592153956
121000988,1165011105,225.755356928963
121000987,1165011105,240.465293229034
121900310,1165011105,167.063252181167
121900311,1165011105,206.843605719348
121900308,1165011105,399.918955619521
121900316,1165011105,340.495542946913
121900325,1165011105,376.094372972569
121900315,1165011105,325.096257157112
121000027,1165010843,390.760164131617
121000028,1165010843,274.688855984128
121000029,1165010843,340.235393555704
121000030,1165010843,360.241722417838
121000093,1165010843,263.5940588421
121000094,1165010843,344.270453206836
121900015,1165010843,225.286204820578
121900029,1165010843,158.721285836736
121900036,1165010843,328.91255614092
121900122,1165010843,289.799561276637
121000929,1165010843,352.939804516469
121900240,1165010843,273.290322590673
121900222,1165010843,315.117466038414
121900143,1165010843,298.372405644598
121900158,1165010843,397.4711031422
121900174,1165010843,329.422875824961
121900023,1165010843,163.35021851409
ICB121000929,1165010843,333.294399986726
121000021,1165010701,33.5747595769953
121001326,1165010701,128.10929346143
121900053,1165010701,130.189320464818
121900332,1165010701,378.01975952073
121900195,1165010701,369.037375695904
121900189,1165010701,107.283654203801
121001302,1165010701,381.101046516047
ICB121000021,1165010701,47.1879262976016
121000005,1165010819,366.961685886364
121000047,1165010819,383.985863454307
121000049,1165010819,253.630041239593
121000050,1165010819,271.054849024617
121000051,1165010819,207.763055482101
121000052,1165010819,231.006691460329
121000053,1165010819,369.328492204753
121000054,1165010819,381.486555487592
121000056,1165010819,364.858467189269
121900047,1165010819,69.0502798966424
121900052,1165010819,213.057384922527
121900069,1165010819,364.962968412069
121900202,1165010819,368.213947084806
121900187,1165010819,295.2056640501
121900128,1165010819,210.442866578584
121900130,1165010819,320.546639306245
121900132,1165010819,396.846266907245
121900162,1165010819,59.5067285448677
121900173,1165010819,355.677488988964
122000215,1165010819,392.048746396246
ICB121000005,1165010819,366.888741388362
ICB121000053,1165010819,347.483354808322
121000153,1165010135,113.636803146471
121000154,1165010135,398.940722455731
121000155,1165010135,392.477004554728
121000156,1165010135,99.8513355780162
121000157,1165010135,252.315720658605
121000160,1165010135,368.548361320451
121000161,1165010135,314.064746383827
121000162,1165010135,374.591538516035
121000173,1165010135,265.55081362324
121000174,1165010135,328.077116301158
121000308,1165010135,282.84091426435
121000312,1165010135,329.952863888381
121000313,1165010135,245.946488347907
121900022,1165010135,227.292876336877
121900259,1165010135,100.773743728659
121900035,1165010135,345.461263208385
121900260,1165010135,378.532214100653
121900071,1165010135,378.496477602412
121900072,1165010135,298.396959950746
121900269,1165010135,266.600006351262
121900082,1165010135,280.59823432647
121900270,1165010135,332.941682924559
121900113,1165010135,357.36760203395
121900118,1165010135,213.675810746368
121900261,1165010135,288.996586342687
121900188,1165010135,381.042397787088
121900264,1165010135,250.781333795324
121000131,1165010642,285.154138219977
121000132,1165010642,283.541994481978
121900100,1165010642,295.747043175569
121900241,1165010642,238.081654336665
121900213,1165010642,225.826580481452
121900209,1165010642,228.445512096795
119000289,1165010119,103.317872693602
119900204,1165010119,223.521375095143
121000145,1165010119,308.074837299351
121000147,1165010119,368.877561902425
121000149,1165010119,59.9267859595853
121900003,1165010119,80.6455972142119
121900010,1165010119,315.347041563137
121900019,1165010119,322.081516490833
121900050,1165010119,258.922258040165
121900140,1165010119,263.162556488298
121900159,1165010119,284.991966603604
121900160,1165010119,87.228996405406
ICB121000084,1165010119,387.107452427356
121000141,1165010126,388.561580796053
121000146,1165010126,182.382267491805
121000147,1165010126,357.473851912855
121000148,1165010126,178.702555377014
121900025,1165010126,332.812655010869
121900027,1165010126,386.214765990279
121900033,1165010126,141.549041012491
121900039,1165010126,248.002132194972
121900040,1165010126,247.77017059569
121900041,1165010126,200.600651262556
121900051,1165010126,386.449105873838
121900142,1165010126,310.587208511641
121900146,1165010126,316.683453448801
121900154,1165010126,316.662622279959
121900166,1165010126,378.64040298195
121900167,1165010126,192.81934035479
121900168,1165010126,139.510196445942
121000041,1165010812,298.276630579473
121000042,1165010812,279.358995090022
121000043,1165010812,326.310049707362
121000044,1165010812,349.35157618709
121000045,1165010812,137.067812193853
121000046,1165010812,128.255105935205
121000047,1165010812,127.320266261334
121000049,1165010812,342.270310254501
121000050,1165010812,378.625217937065
121000051,1165010812,274.604495050706
121000052,1165010812,306.90006990989
121900052,1165010812,297.115777104704
121900080,1165010812,136.877209636137
121900187,1165010812,188.546148962738
121900128,1165010812,276.015698656867
121900177,1165010812,102.817081019961
121000033,1165010825,311.34156591943
121000034,1165010825,300.26780655743
121000035,1165010825,284.408397082759
121000036,1165010825,194.113498027637
121000037,1165010825,158.516981419891
121500100,1165010825,316.956252281701
121000290,1165010825,206.596054461779
121000297,1165010825,208.833539729205
121900026,1165010825,223.308517811184
121900223,1165010825,151.199533470945
121900224,1165010825,369.005359861591
121900215,1165010825,397.737443776105
121900225,1165010825,286.456417015651
121900137,1165010825,196.436089439879
121500090,1165010825,379.093365605313
121000007,1165010816,120.126015614597
121000008,1165010816,192.373840448643
121000010,1165010816,363.527214551314
121000041,1165010816,309.173154293737
121000042,1165010816,301.346386143543
121000043,1165010816,110.679868614473
121000044,1165010816,106.076330638779
121000045,1165010816,303.438043001389
121000046,1165010816,296.623429320178
121000047,1165010816,217.332354515819
121000049,1165010816,309.162821081097
121000050,1165010816,316.810175327591
121000055,1165010816,196.540247857988
121900080,1165010816,317.694437411409
121000937,1165010816,343.069258149712
121000973,1165010816,333.070742024803
121900192,1165010816,223.687583049369
121900187,1165010816,279.653654750154
121900139,1165010816,175.893246335312
121900130,1165010816,298.793324543882
121000920,1165010816,123.512104014932
121900177,1165010816,197.165391204274
122000191,1165010816,141.838234327983
122000217,1165010816,394.99893304133
122900101,1165010816,306.431075243112
122000614,1165010816,284.826333035613
ICB121000007,1165010816,123.960960880598
ICB121000008,1165010816,187.401773937853
ICB121000937,1165010816,348.803331049035
ICB122900101,1165010816,299.793411433612
121000138,1165010719,185.859921765983
121900087,1165010719,336.627529545001
121900252,1165010719,309.601292798355
121900095,1165010719,166.015853880844
121900111,1165010719,212.764080919505
121900117,1165010719,358.541970917081
121001323,1165010719,177.039576968251
121900161,1165010719,343.622101750103
121900183,1165010719,188.651033079858
121000168,1165010107,181.31175586889
121000169,1165010107,156.801487550499
121000170,1165010107,262.005961509777
121000171,1165010107,247.044016767599
121000178,1165010107,367.441947038787
121000185,1165010107,392.971489474821
121900097,1165010107,228.986303311129
121900105,1165010107,115.733915484957
121900113,1165010107,372.963691849692
121900188,1165010107,341.000116837518
121900127,1165010107,144.991176443636
121900271,1165010107,151.006656533438
121900175,1165010107,372.254939921794
121000051,1165010821,310.599481826264
121000052,1165010821,279.610985573264
121000053,1165010821,398.213719495902
121000054,1165010821,398.696659363834
121900224,1165010821,336.357436014179
121900047,1165010821,266.942699247213
121900052,1165010821,285.977151700228
121900202,1165010821,370.518970754776
121900128,1165010821,308.271421987668
121900132,1165010821,325.3956535815
121900162,1165010821,259.025365348296
121900173,1165010821,371.427568511293
ICB121000053,1165010821,369.939831744479
121000138,1165010720,301.591479742408
121900250,1165010720,335.997286483586
121900087,1165010720,232.093754993228
121900252,1165010720,194.029611981228
121900095,1165010720,55.1554897065122
121900111,1165010720,318.389943271775
121900332,1165010720,362.39157039032
121900253,1165010720,395.899993286756
121001323,1165010720,292.539254583831
121900161,1165010720,238.608688667618
121900254,1165010720,338.370758292205
121001302,1165010720,361.229217935924
121900183,1165010720,305.104916454819
121000098,1165010631,173.833798617877
121000105,1165010631,327.046410808575
121000106,1165010631,300.442054676583
121000128,1165010631,197.649793406641
121000129,1165010631,274.625202136807
121000130,1165010631,285.866474279403
121900108,1165010631,342.49834086588
121900114,1165010631,296.780550837826
121900242,1165010631,346.33051652678
121900243,1165010631,288.665199384799
121900244,1165010631,345.143005903082
121000005,1165010818,385.66116071052
121000007,1165010818,154.414105703981
121000008,1165010818,114.359422672954
121000043,1165010818,267.868786151091
121000044,1165010818,256.627193981307
121000047,1165010818,223.497425162399
121000049,1165010818,178.908037469018
121000050,1165010818,172.591978851383
121000051,1165010818,396.415158788087
121000055,1165010818,325.107539220883
121000056,1165010818,331.362592350427
121900069,1165010818,336.688240617591
121900192,1165010818,356.997005665117
121900187,1165010818,232.442405683878
121900139,1165010818,90.572076238861
121900130,1165010818,143.693834377887
121000920,1165010818,144.044832498346
121900177,1165010818,282.39873992522
122000190,1165010818,326.395321176838
122000191,1165010818,192.616908585248
122000215,1165010818,392.189100063596
122000217,1165010818,264.200597231006
ICB121000007,1165010818,139.939553372564
ICB121000008,1165010818,139.741195389528
121000294,1165010305,161.809284023247
121000956,1165010305,356.84740675409
121000959,1165010305,277.435104707246
121001309,1165010305,351.99674845246
ICB121000086,1165010305,355.378664138599
121000129,1165010637,100.346497180222
121000130,1165010637,92.5727959774916
121900108,1165010637,204.741312546782
121900114,1165010637,334.289573850282
121900241,1165010637,224.764778546402
121900213,1165010637,275.888335246202
121900243,1165010637,317.156708764801
121900244,1165010637,197.034214110487
119000289,1165010122,380.87805048914
121000127,1165010122,380.974964241856
121000141,1165010122,389.316180634857
121000145,1165010122,85.2395499787461
121000147,1165010122,89.9102776055797
121000148,1165010122,384.832204313444
121000149,1165010122,346.516126155726
121900003,1165010122,220.395997591226
121900010,1165010122,173.672547912433
121900011,1165010122,361.526435003938
121900018,1165010122,290.621450786708
121900019,1165010122,227.979959068398
121900040,1165010122,176.698656820019
121900050,1165010122,161.802906908161
121900140,1165010122,134.191362228711
121900142,1165010122,112.470923265921
121900157,1165010122,293.013753299494
121900159,1165010122,150.964040104731
121900160,1165010122,214.598848155436
121000063,1165010835,392.049688843192
121000064,1165010835,127.822915579197
121000066,1165010835,111.314934298299
121000300,1165010835,271.821909435292
121900123,1165010835,319.157850275273
121900221,1165010835,369.519963026601
121900212,1165010835,308.765481004254
121900191,1165010835,356.463970484611
121900125,1165010835,301.465355709716
121900134,1165010835,322.657920515916
121900145,1165010835,302.929360692272
121900334,1165010835,295.045260355668
ICB121000064,1165010835,145.293057004468
ICB121000520,1165010835,381.460285845859
121000011,1165010806,327.329776398067
121000012,1165010806,256.752862650222
121000038,1165010806,240.498045626873
121000087,1165010806,378.093154554594
121000089,1165010806,159.814101569667
121000090,1165010806,163.174770104991
121000091,1165010806,176.008589136904
121000092,1165010806,315.131879283619
121000097,1165010806,196.81876437669
121000262,1165010806,194.954394889434
121000271,1165010806,314.854752059822
121000944,1165010806,278.385528690334
121000945,1165010806,300.14716133242
121000947,1165010806,325.192239216095
121000946,1165010806,346.641431214808
121000943,1165010806,373.603384725397
121000942,1165010806,392.233376771989
121900088,1165010806,172.635285536804
121900102,1165010806,220.369663292546
121900220,1165010806,307.401346136767
121000541,1165010806,361.09341446908
121900207,1165010806,366.824847777646
121900203,1165010806,179.751758176016
121900198,1165010806,312.27394194617
121900239,1165010806,322.094834699577
121900129,1165010806,133.83388126933
122000732,1165010806,179.776548194397
122000182,1165010806,203.31866643799
122000184,1165010806,357.702696234117
122900009,1165010806,191.660207954433
122000654,1165010806,364.363065231686
122000616,1165010806,275.02209247045
122000726,1165010806,218.022430381853
ICB121000541,1165010806,347.021853258749
ICB121000943,1165010806,346.54330240117
ICB122000184,1165010806,382.578711786413
ICB122000654,1165010806,383.672503824987
121000026,1165010839,358.432819450484
121000063,1165010839,60.7500307762597
121000064,1165010839,374.125116473335
121000065,1165010839,74.5239490039185
121000066,1165010839,376.194710999085
121000067,1165010839,283.185847763613
121000068,1165010839,282.889786167818
121000070,1165010839,344.135014808561
121000071,1165010839,336.694651046399
121000080,1165010839,277.942199833738
121000081,1165010839,374.64710788324
121000082,1165010839,353.763618458209
121000083,1165010839,312.096467762172
121000084,1165010839,272.705588205167
121900226,1165010839,379.547520938763
121900109,1165010839,290.666689211218
121000520,1165010839,75.4281855408064
121900134,1165010839,115.516969576525
121900233,1165010839,290.623512869434
121900237,1165010839,267.896741820669
121900155,1165010839,380.034973729016
ICB121000064,1165010839,377.533810480413
ICB121000520,1165010839,54.8939360612796
121000057,1165010716,381.80417576883
121000121,1165010716,196.419091379433
121000142,1165010716,314.238341493042
121900037,1165010716,253.322134200953
121900096,1165010716,326.684313560924
121900103,1165010716,197.405093114015
121900112,1165010716,239.267139070461
121900184,1165010716,252.353184523899
121000099,1165010612,79.8413158341046
121000100,1165010612,90.0184625579303
121000101,1165010612,95.5272993775188
121000102,1165010612,114.021726861774
121000103,1165010612,268.524354075222
121000104,1165010612,231.331601646821
121000154,1165010133,90.9438875953526
121000155,1165010133,102.174355862895
121000156,1165010133,392.807739787581
121900006,1165010133,136.336261804004
121900014,1165010133,107.115816609015
121000308,1165010133,135.882224178435
121000309,1165010133,238.00809672664
121900022,1165010133,187.369576016143
121900259,1165010133,398.032655595897
121900059,1165010133,369.814306205973
121900261,1165010133,130.952529934355
121900262,1165010133,93.4883116911543
121900211,1165010133,128.977817938319
121900205,1165010133,230.967423370208
121900193,1165010133,384.159484597605
121900178,1165010133,255.859752208683
121900148,1165010133,328.356930240344
121000005,1165010823,204.76111867887
121000006,1165010823,150.569655364416
121000053,1165010823,198.808862354962
121000054,1165010823,219.623347899155
121000056,1165010823,255.560967246822
121000213,1165010823,371.5525975338
121000214,1165010823,390.972049586256
121900031,1165010823,354.381515882424
121900047,1165010823,279.761539407654
121900069,1165010823,250.632266776062
121900202,1165010823,241.666158474705
121900196,1165010823,172.479654523364
121900162,1165010823,288.851454386396
121900173,1165010823,219.374833478604
122000215,1165010823,217.942412813613
121000923,1165010823,332.623408425852
121000922,1165010823,316.872578745529
122900029,1165010823,387.170535962063
ICB121000005,1165010823,182.639472409749
ICB121000006,1165010823,159.767263193356
ICB121000053,1165010823,208.529886968826
ICB121000213,1165010823,363.291174201482
119000286,1165010129,291.347129184828
119000285,1165010129,356.786589810084
119000091,1165010129,353.20049623617
119000092,1165010129,349.526622106762
119900075,1165010129,306.570677563149
119900044,1165010129,296.546919014962
119900022,1165010129,333.82496346437
119900196,1165010129,234.859433181932
119900184,1165010129,174.536182837354
121000532,1165010129,216.84971736221
121000304,1165010129,64.8948584820137
121000305,1165010129,251.393817748925
121000311,1165010129,85.3033832133917
121900024,1165010129,51.8135718972799
121900032,1165010129,228.389350186094
121900098,1165010129,387.920256775355
121900106,1165010129,252.395873693314
121900120,1165010129,100.197261258662
121900258,1165010129,191.806172668549
121900170,1165010129,184.596021551395
121000005,1165010822,219.740527907216
121000006,1165010822,235.73206197692
121000049,1165010822,297.656573464275
121000050,1165010822,287.307067938214
121000051,1165010822,384.501780740041
121000053,1165010822,245.765339436793
121000054,1165010822,264.53169876422
121000056,1165010822,242.61577760502
121900047,1165010822,120.118888511149
121900052,1165010822,396.878330227999
121900069,1165010822,240.156136649429
121900202,1165010822,267.27399476556
121900196,1165010822,294.259234174618
121900128,1165010822,388.415392066145
121900130,1165010822,315.813981552529
121900162,1165010822,129.492128043033
121900173,1165010822,246.958349935983
122000215,1165010822,243.969465720132
ICB121000005,1165010822,210.399696333209
ICB121000006,1165010822,254.753721435593
ICB121000053,1165010822,235.49362067333
121000098,1165010614,346.639949348715
121000099,1165010614,127.081971691275
121000100,1165010614,199.497398918925
121000101,1165010614,255.988156319186
121000102,1165010614,270.105288444286
121000103,1165010614,247.734469115669
121000104,1165010614,220.839241947899
121000105,1165010614,347.980787574851
121000106,1165010614,338.112465655378
121000128,1165010614,329.149060649169
121900006,1165010131,399.793262774906
121900211,1165010131,376.943334689887
121900205,1165010131,239.89763834592
121900193,1165010131,188.139033021009
121900178,1165010131,232.54781739993
121000154,1165010128,389.806803268516
121000155,1165010128,399.174815807786
121000192,1165010128,239.583875014204
121000193,1165010128,267.245586158999
121900006,1165010128,238.167808604801
121900014,1165010128,383.529303712136
121000309,1165010128,352.773234704843
121900041,1165010128,399.610276037492
121900059,1165010128,215.451394692204
121900262,1165010128,381.799313455314
121900211,1165010128,241.54202392315
121900205,1165010128,264.826419919855
121900193,1165010128,364.737011587137
121900178,1165010128,268.099980312614
121900148,1165010128,205.489467907694
121900151,1165010128,232.927399811985
121900154,1165010128,333.360922042308
121000145,1165010125,344.699639633776
121000146,1165010125,232.036864323531
121000147,1165010125,292.790812671999
121000148,1165010125,188.645730544897
121000187,1165010125,303.903086741402
121900010,1165010125,231.234385031507
121900018,1165010125,138.566482334916
121900025,1165010125,192.104102488135
121900033,1165010125,307.752397902952
121900039,1165010125,294.768173103139
121900040,1165010125,198.994194999238
121900142,1165010125,234.669073142741
121900146,1165010125,186.552870983758
121900149,1165010125,232.41540065574
121900154,1165010125,387.086511542507
121900157,1165010125,130.571586362349
121900159,1165010125,253.804600490192
121900168,1165010125,299.563738840219
121900171,1165010125,242.99374428486
121000018,1165010712,390.741644634065
121000119,1165010712,210.833565651652
121000120,1165010712,333.331832949476
121000123,1165010712,184.380309604628
121000135,1165010712,286.56589171215
121000142,1165010712,301.481497747838
121900037,1165010712,389.278274138562
121900046,1165010712,200.183049551046
121900055,1165010712,305.080547565644
121900066,1165010712,361.608909718286
121900079,1165010712,309.63802478971
121000979,1165010712,278.900751044693
121000976,1165010712,195.145812721676
121900096,1165010712,286.695049834906
121000099,1165010607,67.7462967367378
121000100,1165010607,90.8842640015448
121000101,1165010607,189.002244950297
121000102,1165010607,186.824063618715
121000103,1165010607,373.665661037592
121000104,1165010607,339.387996473798
121000015,1165010606,378.987113221282
121000016,1165010606,265.30734395223
121000107,1165010606,138.519973615074
121000114,1165010606,162.965597420871
121900246,1165010606,315.861717485304
122000010,1165010606,396.750492966584
122000017,1165010606,367.082871865206
122000023,1165010606,339.970578577031
121000063,1165010837,190.954598013416
121000065,1165010837,168.269051308112
121000067,1165010837,185.491052334302
121000068,1165010837,202.729637184314
121000069,1165010837,364.302488730235
121000070,1165010837,136.274973214639
121000071,1165010837,123.235884648217
121000080,1165010837,383.84468195612
121000520,1165010837,144.829640333023
121900134,1165010837,237.875082591603
121900233,1165010837,399.655286458772
121900155,1165010837,272.495036605235
ICB121000520,1165010837,216.722762024063
121900303,1165010101,389.304872732037
121000072,1165010101,275.378619797036
121000073,1165010101,272.289865911785
121000074,1165010101,172.727422930283
121000152,1165010101,367.671560328529
121000172,1165010101,351.955808369815
121000177,1165010101,354.466301337854
121000186,1165010101,365.406114720723
121900227,1165010101,357.600924524114
121900054,1165010101,201.090446954882
121900064,1165010101,57.6384342985645
121900076,1165010101,261.712006874666
121900296,1165010101,378.952882150347
121900200,1165010101,308.395478492578
121900228,1165010101,362.08034186202
121900138,1165010101,335.943089918993
121900234,1165010101,285.988417182851
121900235,1165010101,70.6252735780815
121900236,1165010101,160.704997859198
121900179,1165010101,321.827035708234
121000063,1165010836,195.527487037159
121000064,1165010836,199.192566258331
121000065,1165010836,202.027783849074
121000066,1165010836,191.07280510518
121000070,1165010836,368.592250529686
121000071,1165010836,376.02811315975
121000084,1165010836,362.960271130637
121900109,1165010836,378.158111218771
121000520,1165010836,259.848490851435
121900134,1165010836,128.869786651311
121900237,1165010836,356.673629177899
ICB121000064,1165010836,213.347138827389
ICB121000520,1165010836,189.813206423705
121000033,1165010826,93.9265583605325
121000077,1165010826,252.472021385
121000078,1165010826,252.668157453239
121500100,1165010826,41.6089091634426
121000080,1165010826,265.266019194877
121000081,1165010826,167.710336371612
121000290,1165010826,134.53047780822
121000297,1165010826,147.631479143551
121900226,1165010826,163.368588707991
121900026,1165010826,124.047769495497
121900215,1165010826,248.832622146938
121900230,1165010826,249.285766724213
121900137,1165010826,156.241101988158
121900233,1165010826,251.204937932858
121500090,1165010826,113.859508228708
121000059,1165010838,228.711122549576
121000060,1165010838,107.642951219067
121000064,1165010838,282.401484324095
121000066,1165010838,285.835326217689
121000300,1165010838,51.3279495598044
121900123,1165010838,46.301873848442
121900221,1165010838,184.58440219869
121900191,1165010838,160.817252714237
121900125,1165010838,55.4473486160353
121900145,1165010838,389.755927152752
ICB121000060,1165010838,111.431210333319
ICB121000064,1165010838,274.98809387198
121000294,1165010306,80.0485056150536
121000956,1165010306,202.718123654242
121000959,1165010306,89.307570013379
121000960,1165010306,380.929982198625
121001309,1165010306,356.40499716366
121001313,1165010306,336.771673712404
ICB121000086,1165010306,264.978248925422
121000129,1165010636,225.410615928716
121000130,1165010636,204.529619368379
121000131,1165010636,275.60187935957
121000132,1165010636,254.80946590801
121900100,1165010636,274.250953846205
121900108,1165010636,207.427274008772
121900241,1165010636,37.4023464221436
121900213,1165010636,177.696837987623
121900244,1165010636,192.822284778369
121000017,1165010628,364.91856861845
121000018,1165010628,392.371907378332
121000129,1165010628,399.984637345039
121000130,1165010628,386.524898843505
121000131,1165010628,329.319534267537
121000132,1165010628,309.748281910516
121900100,1165010628,317.439335347658
121900108,1165010628,100.15592483456
121900114,1165010628,207.692211076991
121900242,1165010628,336.123536878526
121900241,1165010628,317.569416324138
121900243,1165010628,195.346039063778
121900244,1165010628,111.062057849452
ICB121000017,1165010628,354.038200147763
ICB121000018,1165010628,389.742909383608
121000001,1165010203,279.415926435185
121000002,1165010203,288.048933773007
121000196,1165010203,104.389709273886
121000215,1165010203,279.238481706906
121000216,1165010203,267.127518994937
121900273,1165010203,269.780726810719
121900298,1165010203,394.738529703725
121900292,1165010203,202.685157556819
121000481,1165010203,311.73302073465
121900144,1165010203,202.015048162929
121900147,1165010203,71.0591870558154
121900150,1165010203,274.180328947464
122000266,1165010203,398.945149959483
122000270,1165010203,344.819672198871
122000271,1165010203,348.49269013564
ICB121000001,1165010203,277.464142728905
ICB121000002,1165010203,282.4318623999
119000288,1165010111,175.28033327717
119000287,1165010111,175.28033327717
119900306,1165010111,319.505983665058
119900202,1165010111,241.453061381683
119900199,1165010111,294.354341686187
119900305,1165010111,333.041356994353
121000531,1165010111,197.955135284107
121000530,1165010111,183.80663475382
121000187,1165010111,273.772557301497
121900010,1165010111,387.651948448494
121900255,1165010111,140.205201053972
121900018,1165010111,276.721418678562
121900149,1165010111,290.757842317714
121900152,1165010111,392.202978718636
121900157,1165010111,279.077522494288
121900171,1165010111,288.363684751088
121000017,1165010622,314.246586416418
121900114,1165010622,326.695223557163
121900242,1165010622,332.646071143467
121900243,1165010622,335.696875669325
ICB121000017,1165010622,316.691933504862
ICB121000018,1165010622,315.052326534572
121000145,1165010124,237.094094003896
121000146,1165010124,241.82328670644
121000147,1165010124,172.54785176335
121000148,1165010124,190.186486773286
121900010,1165010124,251.376108452849
121900018,1165010124,248.025314606577
121900019,1165010124,370.90953783882
121900025,1165010124,287.527850965335
121900033,1165010124,291.44844361146
121900039,1165010124,329.251059808139
121900040,1165010124,56.6452552136586
121900050,1165010124,331.717015642484
121900140,1165010124,305.038200144402
121900142,1165010124,108.684451735546
121900146,1165010124,275.601323479849
121900149,1165010124,369.147016821151
121900157,1165010124,243.608162188771
121900159,1165010124,256.248446632998
121900168,1165010124,283.235073777437
121900171,1165010124,379.838969193413
121000027,1165010847,215.721474401284
121000028,1165010847,274.733995339983
121000093,1165010847,232.082397390126
121000094,1165010847,152.844608231629
121900007,1165010847,259.423159981348
121900015,1165010847,116.159532129801
121900029,1165010847,361.140655164763
121900122,1165010847,134.134770810281
121900217,1165010847,268.04333517302
121000929,1165010847,170.087048445181
121900240,1165010847,241.481910628517
121900135,1165010847,348.47122609706
121900143,1165010847,301.521938725983
121900174,1165010847,280.289070804563
121900023,1165010847,344.484694694049
ICB121000929,1165010847,149.541183201017
119000289,1165010121,337.216751442118
121000127,1165010121,320.437819710812
121000141,1165010121,353.245322913001
121000145,1165010121,96.5015585342945
121000147,1165010121,166.390580989632
121000149,1165010121,259.497193479996
121900003,1165010121,172.295326992376
121900010,1165010121,293.860096635802
121900011,1165010121,295.31261247574
121900019,1165010121,105.809146675875
121900040,1165010121,295.97882490969
121900050,1165010121,25.2387232872146
121900140,1165010121,30.4197819944804
121900142,1165010121,226.664548996048
121900159,1165010121,262.196581191575
121900160,1165010121,160.105707785507
121000015,1165010605,389.693574335176
121000016,1165010605,385.588236289219
121000107,1165010605,347.805157986348
121000114,1165010605,374.484814996777
121900242,1165010605,310.169539688409
121000017,1165010630,225.594767058141
121000018,1165010630,291.007131301608
121000131,1165010630,381.769477321471
121000132,1165010630,369.952852093276
121900100,1165010630,368.398389494298
121900108,1165010630,271.69597990561
121900114,1165010630,283.496334382194
121900242,1165010630,366.415133596593
121900243,1165010630,281.571172052555
121900244,1165010630,281.918714001801
ICB121000017,1165010630,218.826227001676
ICB121000018,1165010630,244.272744705643
121000034,1165010824,278.440571512661
121000035,1165010824,329.167075681053
121000036,1165010824,181.552732655674
121000037,1165010824,190.96639606032
121000052,1165010824,366.689261147699
121900223,1165010824,197.3286119935
121900224,1165010824,172.705534640189
121900052,1165010824,393.490500500876
121900225,1165010824,325.821960929366
121900132,1165010824,208.869094971201
121900006,1165010132,398.810744289753
121000308,1165010132,366.836345026919
121900022,1165010132,370.986756569042
121900261,1165010132,368.202346000175
121900211,1165010132,377.348615110722
121900205,1165010132,282.281519621943
121900193,1165010132,283.523623254943
121900178,1165010132,284.360087248602
121900004,1165010722,399.198553958162
121900034,1165010722,325.235287514226
121900041,1165010722,330.907693590589
121900042,1165010722,294.100765662201
121900051,1165010722,214.795541452551
121900060,1165010722,188.26968257429
121900073,1165010722,192.584342527221
121900250,1165010722,295.230634357952
121900253,1165010722,380.822479266894
121900254,1165010722,292.048155568105
121900164,1165010722,186.352409240109
121900165,1165010722,166.548060175284
121900166,1165010722,211.258140499468
121900167,1165010722,331.683706904988
121000156,1165010136,390.208146119046
121000160,1165010136,389.903704998075
121000161,1165010136,307.215469117864
121000162,1165010136,93.1162562593111
121000306,1165010136,372.749378810511
121000308,1165010136,370.502163720151
121900022,1165010136,349.152503982937
121900259,1165010136,392.607335102867
121900038,1165010136,382.549996519979
121900048,1165010136,220.137548187811
121900260,1165010136,98.6824007625678
121900072,1165010136,64.4442632421621
121900082,1165010136,190.273440682175
121900091,1165010136,396.558125764145
121900261,1165010136,372.294942806506
121000146,1165010127,204.248888326291
121000148,1165010127,225.94560877063
121000187,1165010127,200.080787518216
121000192,1165010127,269.383557647426
121000193,1165010127,238.284832358235
121900018,1165010127,356.498894777444
121900025,1165010127,87.4010486233691
121900033,1165010127,260.462938556494
121900039,1165010127,157.229565187577
121900059,1165010127,370.478508533892
121900146,1165010127,98.2449133310471
121900149,1165010127,164.488523405748
121900151,1165010127,279.594950721334
121900152,1165010127,281.788805780668
121900154,1165010127,184.439513843833
121900157,1165010127,347.027878036578
121900168,1165010127,257.939512591018
121900171,1165010127,166.990251753083
121900303,1165010832,199.021953974059
121000072,1165010832,398.263221011614
121000073,1165010832,373.593953131701
121000074,1165010832,323.692619003731
121000075,1165010832,318.953071250378
121000076,1165010832,321.689221702909
121000177,1165010832,288.710962835352
121000186,1165010832,276.920295862619
121900054,1165010832,350.650115342606
121900064,1165010832,139.330955741229
121900076,1165010832,172.113943663936
121900296,1165010832,199.953776557665
121900232,1165010832,312.604589468784
121900138,1165010832,200.668408124233
121900234,1165010832,185.512039310014
121900235,1165010832,126.46882704822
121900236,1165010832,307.709349215808
121000059,1165010834,312.759027503394
121000060,1165010834,308.649062521158
121000064,1165010834,346.335590571793
121000066,1165010834,337.048213324593
121000300,1165010834,193.358798101967
121900123,1165010834,216.162088737598
121900221,1165010834,151.155689604763
121900212,1165010834,168.380892950197
121900191,1165010834,154.201815609826
121900125,1165010834,195.383495239284
121900145,1165010834,150.830860841785
121900334,1165010834,191.850497061219
ICB121000060,1165010834,317.519297606993
ICB121000064,1165010834,353.402758010227
121000025,1165010856,68.1934425486729
121000027,1165010856,277.025406383912
121000058,1165010856,173.849117172018
121000085,1165010856,54.9971009740639
121000094,1165010856,346.949417891858
121900007,1165010856,240.961160739238
121900217,1165010856,254.684961372267
121000929,1165010856,317.826327920657
121900135,1165010856,243.121474501964
121900143,1165010856,297.360508823375
121001320,1165010856,154.799336526691
ICB121000929,1165010856,330.98491937606
121000098,1165010649,335.882458802511
121000099,1165010649,260.494179879386
121000100,1165010649,315.693739484709
121000101,1165010649,316.954844872175
121000102,1165010649,340.964622609552
121000103,1165010649,73.253192272793
121000104,1165010649,63.0197066645365
121000105,1165010649,190.999497488456
121000106,1165010649,192.491293040685
121000128,1165010649,329.544999780288
121000021,1165010705,203.187204049746
121000023,1165010705,391.16983634356
121001326,1165010705,215.029357781127
121900053,1165010705,220.224277306872
121900189,1165010705,298.065306147606
ICB121000021,1165010705,176.336789771958
121900108,1165010629,170.5521658355
121900114,1165010629,113.513418571312
121900242,1165010629,229.980524838486
121900243,1165010629,107.392714971734
121900244,1165010629,185.054305026006
ICB121000017,1165010629,393.321204518729
121000017,1165010624,219.058949945583
121000018,1165010624,327.745071742638
ICB121000017,1165010624,227.284431028867
ICB121000018,1165010624,207.999274745975
121000127,1165010114,243.093820763408
121000141,1165010114,276.274962832459
121000145,1165010114,97.2807959000632
121000147,1165010114,151.895635896041
121000149,1165010114,328.771969717242
121900003,1165010114,249.719089512039
121900010,1165010114,344.637855713459
121900011,1165010114,218.202739489182
121900019,1165010114,49.0068805745384
121900027,1165010114,328.524578023818
121900040,1165010114,279.484712409196
121900050,1165010114,53.0077422683571
121900140,1165010114,61.4894708925562
121900142,1165010114,215.670669573355
121900159,1165010114,315.878864137473
121900160,1165010114,237.431227219987
119000288,1165010115,237.561493044169
119000287,1165010115,237.561493044169
119900202,1165010115,282.297593412667
119900199,1165010115,363.89763649038
121000531,1165010115,240.819187549175
121000530,1165010115,263.036352738427
121000187,1165010115,182.155029107217
121900010,1165010115,388.880200853645
121900255,1165010115,186.704880063723
121900018,1165010115,249.789144390699
121900025,1165010115,349.211076278639
121900146,1165010115,361.403473117399
121900149,1165010115,202.395478897802
121900152,1165010115,312.321252324882
121900157,1165010115,248.947818237829
121900171,1165010115,199.038322256238
121000029,1165010842,123.126218807807
121000030,1165010842,154.585943160653
121000041,1165010842,384.805296559356
121000042,1165010842,372.255254635998
121000045,1165010842,275.833191514202
121000046,1165010842,281.338427429884
121900029,1165010842,188.718854166538
121900036,1165010842,167.50801112461
121900080,1165010842,260.795398950978
121900093,1165010842,396.364175977602
121900222,1165010842,266.28570797754
121900158,1165010842,335.831598025125
121900177,1165010842,385.200071075876
121900023,1165010842,257.04149738406
121000019,1165010650,378.07178588921
121000020,1165010650,376.290328261364
121000144,1165010650,383.23487721201
121000302,1165010650,270.292513425217
121000303,1165010650,279.657650623637
121900074,1165010650,380.672821384354
121900209,1165010650,66.7491983240056
121900201,1165010650,350.93324500047
ICB121000019,1165010650,345.027095150686
ICB121000020,1165010650,366.315019787133
ICB121000083,1165010650,369.038352489289
121000026,1165010859,115.289845025083
121000031,1165010859,235.404248194894
121000032,1165010859,81.8705868249113
121000063,1165010859,374.012465052665
121000065,1165010859,395.569633634857
121000080,1165010859,362.17821735263
121000081,1165010859,375.482397600209
121000082,1165010859,95.9200695859864
121000083,1165010859,45.978236940748
121000084,1165010859,81.9107540734733
121900226,1165010859,376.480269142646
121900101,1165010859,249.598219845622
121900109,1165010859,69.6895021268932
121900134,1165010859,373.218884427855
121900233,1165010859,360.255380950499
121900237,1165010859,88.0879431051119
121900156,1165010859,227.24566978024
ICB121000064,1165010859,399.462738909001
ICB121000520,1165010859,350.54526778954
121000127,1165010723,172.965562536164
121000141,1165010723,150.68679934257
121900004,1165010723,38.8149457476942
121900011,1165010723,198.980517865087
121900019,1165010723,398.501839487777
121900027,1165010723,111.054349052482
121900034,1165010723,103.795803903919
121900042,1165010723,262.013597214387
121900253,1165010723,339.772693900397
121001302,1165010723,399.606160352719