no,highway_nm,lat,lon
1,공항입구IC,37.50727625,126.5124792
2,공항입구IC,37.50681734,126.5037918
3,공항신도시IC,37.489293,126.4917119
4,공항신도시IC,37.48269693,126.4871149
5,신불IC,37.46188375,126.48862
6,신불IC,37.45905965,126.4858276
7,도화IC북측,37.46309662,126.6727367
8,도화IC출구,37.46248534,126.6712086
9,도화IC남측,37.4613774,126.672692
10,문학IC북측,37.43754746,126.6765753
11,장수IC,37.46375471,126.7531464
12,서창JC입구,37.43840759,126.7398816
13,남동IC동측,37.43385299,126.7181794
14,남동IC서측,37.4337014,126.709172
15,서창JC서측,37.43308546,126.7334873
16,서창JC동측,37.43275668,126.7432041
17,남동IC남측,37.43173334,126.7103706
18,서창JC남측,37.42838796,126.7377646
19,남동IC남측,37.42601643,126.710137
20,남동IC남측,37.42731503,126.7084091
21,남동IC남측,37.42922503,126.7109358
22,남동IC남측,37.43056025,126.7086586
23,부평IC서측,37.52379259,126.719944
24,서운JC서측,37.52405824,126.7528912
25,부평IC남측,37.52304296,126.7220915
26,장수IC,37.46857353,126.7546986
27,노오지JC,37.57205128,126.753666
28,노오지JC,37.57066996,126.7504371
29,계양IC북측,37.54661884,126.7480584
30,계양IC서측,37.54451812,126.7460024
31,계양IC동측,37.54294384,126.7524743
32,계양IC남측,37.54115253,126.7496585
33,서운JC북측,37.53297428,126.7519534
34,서운JC동측,37.5267399,126.7566217
35,부평IC북측,37.5246085,126.722152
36,서운JC남측,37.52438634,126.7516862
37,부평IC동측,37.52385687,126.7246732
38,영종대교,37.55494634,126.6156397
39,서인천IC동측,37.52226018,126.6823625
40,서인천IC북측,37.52148831,126.6795833
41,서인천IC남측,37.52030181,126.6809486
42,서인천IC남측,37.51918943,126.6784207
43,가좌IC북측,37.48607812,126.674984
44,가좌IC서측,37.48463612,126.6721288
45,송내IC남측,37.48558656,126.7478726
46,서운JC,37.52580953,126.7570323
47,신공항T/G,37.5699084,126.6690842
48,인천T/G,37.52400565,126.7486889
49,중동IC,37.51638625,126.7502451
50,남인천T/G,37.43195312,126.764195
51,공항신도시IC,37.48758356,126.4852916
52,남동IC입구,37.43133118,126.7084549
53,가좌IC앞,37.48219896,126.6738284
54,가좌IC,37.48278431,126.6752381
55,공항신도시JC,37.48225972,126.4941101
56,영종IC,37.47760724,126.5020633
57,영종IC,37.4721622,126.510772
58,연수JC,37.40899612,126.6257777
59,영종IC,37.47202521,126.5049702
60,영종IC,37.46977379,126.5062928
61,영종IC,37.47049099,126.5107866
62,옥련IC,37.42189694,126.6354042
63,옥련IC,37.42812726,126.6358387
64,학익JC,37.43686706,126.6544231
65,노오지JC,37.56673611,126.7525788
66,문학IC동측,37.43513029,126.6799086
67,문학IC남측,37.43450468,126.6736345
68,인천국제공항진입로,37.44536507,126.4628141
69,송내IC남측,37.48392794,126.7490209
70,부평IC동측,37.52425954,126.7228651
71,호매실IC,37.26514687,126.9486147
72,호매실IC,37.26187412,126.9510637
73,호매실IC,37.26000843,126.9485541
74,월암IC,37.302808,126.964263
75,갈현IC,37.42176521,127.1611013
76,갈현IC,37.42167881,127.1596492
77,복정교차로,37.46756284,127.1249596
78,탄천IC,37.43274562,127.1228666
79,탄천IC,37.43176568,127.1213999
80,탄천IC,37.43586543,127.121819
81,탄천IC,37.43255878,127.1211577
82,탄천IC,37.43106159,127.121499
83,탄천IC,37.43493178,127.1219062
84,석수IC,37.42322815,126.9056399
85,동수원IC,37.3016414,127.0469758
86,동수원IC,37.29846243,127.0530325
87,북수원IC,37.32860606,126.9868482
88,북수원IC,37.32038565,126.991744
89,북수원IC,37.31919543,126.9892576
90,북수원IC,37.31697946,126.9945912
91,성남IC,37.42989631,127.123468
92,성남IC,37.42736337,127.1252601
93,성남IC,37.42575637,127.1233597
94,판교JC,37.40690896,127.098094
95,판교JC,37.40410731,127.0896611
96,판교IC,37.39112421,127.1017704
97,판교JC,37.40221918,127.0983046
98,광명역IC북측,37.40650984,126.8795775
99,광명역IC,37.40525553,126.8819269
100,평촌IC,37.3808904,126.961496
101,산본IC,37.37700831,126.9373006
102,광명역IC,37.403189,126.8772822
103,일직JC,37.4235989,126.8988939
104,의정부IC,37.69405456,127.0533723
105,의정부IC,37.6971176,127.0543719
106,의정부IC,37.69238976,127.0530331
107,의정부IC,37.69339391,127.0503898
108,의정부IC,37.69721559,127.0481669
109,시청IC,37.72574495,127.0346553
110,시청IC,37.73245115,127.0347934
111,시청IC,37.73578552,127.0312762
112,동수원IC,37.29827332,127.0490754
113,광교IC,37.30191913,127.0584294
114,서판교IC,37.3858606,127.0694949
115,고등IC,37.42365791,127.0900685
116,서판교IC,37.39132601,127.0704714
117,고기JCT,37.36362639,127.06266
118,광전IC,37.68548606,127.1353077
119,진관IC,37.65094678,127.1788454
120,갈매IC,37.64112928,127.126834
121,임송IC,37.63643759,127.2228768
122,여주IC,37.34512365,127.6737623
123,여주IC,37.25424775,127.6516186
124,여주IC,37.25312503,127.655289
125,여주IC,37.252262,127.6501452
126,여주JC,37.23380824,127.6010145
127,퇴계원IC,37.64123618,127.1324888
128,퇴계원IC,37.64023337,127.1345291
129,퇴계원IC,37.63763487,127.1337149
130,구리IC,37.61787946,127.1410425
131,구리IC,37.6163495,127.1442656
132,구리IC,37.61439928,127.1387012
133,구리IC,37.61294424,127.1422816
134,남양주IC,37.60323837,127.153888
135,남양주IC,37.60000975,127.1547919
136,하남JC,37.533001,127.191662
137,하남JC,37.53156418,127.2016194
138,서하남IC,37.51422025,127.1516685
139,서하남IC,37.51314518,127.1545735
140,광주IC,37.44902906,127.2662635
141,광주IC,37.44680446,127.2670647
142,광주IC,37.4465644,127.2742722
143,곤지암IC,37.35416187,127.3203285
144,곤지암IC,37.34903428,127.3222688
145,하남IC,37.53005037,127.2165331
146,하남IC,37.52598737,127.219996
147,곤지암IC,37.3538115,127.3219793
148,여주JC,37.23493103,127.5822121
149,여주JC,37.22697881,127.5920795
150,산곡JC,37.4830399,127.2414789
151,토평IC,37.584123,127.1569789
152,토평IC,37.58119212,127.1599948
153,토평IC,37.58044021,127.1584451
154,구리T/G,37.58939012,127.1564642
155,하남JC남측,37.52943234,127.1961501
156,부평교차로,37.27326374,127.7392555
157,간매교차로,37.27306034,127.7155086
158,간매교차로,37.27508015,127.7072804
159,이호교차로,37.28268203,127.6984916
160,이호교차로,37.28333971,127.6916795
161,부평교차로,37.27352293,127.7478332
162,퇴계원IC,37.72446325,127.1916256
163,광전IC,37.68863284,127.1326893
164,광전IC,37.68691828,127.1360975
165,내곡IC,37.67617746,127.1530642
166,임송사거리,37.67181287,127.1527219
167,사노IC,37.64250215,127.1405539
168,퇴계원IC,37.64160818,127.1379871
169,사노IC,37.6415084,127.1398365
170,사노IC,37.64147337,127.1403993
171,사노IC,37.64145606,127.1400435
172,사노IC,37.64135556,127.1417865
173,사노IC입구,37.64083484,127.1400148
174,사노IC,37.64008643,127.1400952
175,운천4교차로IC,38.09610637,127.2747175
176,운천4교차로IC,38.09576893,127.2730742
177,운천3교차로IC,38.09174189,127.265749
178,고소섬리마을연결로,38.01646784,127.1467479
179,고소섬리마을연결로,38.01492968,127.1514029
180,오포교차로,37.37239378,127.2348707
181,추자교차로,37.36645612,127.231732
182,추자교,37.36422581,127.2306478
183,내촌교차로,37.78829921,127.2258562
184,내촌교차로,37.78499556,127.224171
185,고산IC,37.37623321,127.242918
186,고산IC,37.3797734,127.23916
187,오산IC,37.38038193,127.2419471
188,오산IC,37.37632278,127.2403275
189,오포교차로,37.37382053,127.2364155
190,별내IC,37.6612661,127.1157868
191,신청평IC,37.72100891,127.4044154
192,양수교차로IC,37.53694727,127.3298002
193,양수교차로IC,37.53764719,127.3285532
194,양수교차로IC,37.5368056,127.3312413
195,양수교차로IC,37.53740414,127.3306695
196,양수교차로,37.53743993,127.3284061
197,공세교차로IC,37.46043605,127.5304404
198,공세교차로IC,37.46311704,127.5279549
199,상평교차로,37.50324158,127.4955364
200,상평교차로,37.50269721,127.4999324
201,양평교차로,37.49860045,127.5219024
202,일반IC,37.48664776,127.5423537
203,일반IC,37.49116428,127.5362378
204,일반IC,37.49256537,127.531087
205,금남IC,37.66519271,127.3715458
206,신월IC,37.65756005,127.1584748
207,신월IC,37.65884677,127.1582579
208,사능IC,37.64613216,127.1902259
209,사능IC,37.64788464,127.1935199
210,금남IC,37.65371494,127.3658153
211,금남IC,37.65728948,127.3623261
212,금남IC,37.65728801,127.3662213
213,조안IC,37.53323545,127.3046324
214,조안IC,37.53359632,127.3025485
215,조안IC,37.53211537,127.300333
216,조안IC,37.53121674,127.2967853
217,도곡IC,37.57380806,127.2266652
218,구진관IC,37.6484929,127.1608078
219,구진관IC,37.6493286,127.1610797
220,구진관IC,37.64984344,127.1606938
221,구진관IC,37.65141758,127.1618348
222,호평IC,37.66293439,127.2382045
223,호평IC,37.66075262,127.2354394
224,호평IC,37.66192719,127.2389094
225,광전IC,37.68920806,127.1323871
226,광전IC,37.69063755,127.1317009
227,호평IC,37.66372508,127.2407182
228,마석IC,37.64198687,127.295343
229,마석IC,37.64265651,127.2998672
230,마석IC,37.64419139,127.2922442
231,사능IC,37.6482839,127.1930016
232,조안IC,37.53064356,127.2989019
233,금남IC,37.6562449,127.364729
234,호평IC,37.6632544,127.2367528
235,팔당대교IC,37.54875631,127.2410298
236,광전IC,37.68949754,127.1313047
237,내촌IC,37.7864422,127.2244145
238,내촌IC,37.78546662,127.2232471
239,경안IC,37.40532871,127.2602722
240,경안IC,37.40524456,127.2600535
241,경안IC,37.40439718,127.2600862
242,경안IC,37.40417418,127.2575692
243,장지IC,37.40181643,127.2400188
244,태전IC,37.39033684,127.23566
245,태전IC,37.38615605,127.2353896
246,태전IC,37.38879612,127.2348568
247,태전IC,37.38839252,127.2351436
248,미사IC서측,37.58013071,127.1850834
249,와부IC서측,37.59106535,127.2054782
250,와부IC동측,37.59547855,127.2126535
251,미사IC동측,37.58308663,127.1932742
252,화도IC서측,37.63242705,127.3063177
253,화도IC동측,37.63113176,127.3152033
254,서종IC서측,37.63397042,127.3665313
255,서종IC남측,37.63403809,127.3701837
256,서종IC동측,37.63420778,127.37448
257,청평IC남측,37.66613926,127.4939313
258,청평IC북측,37.67165207,127.4978211
259,북부간선도로,37.61316114,127.1380005
260,퇴계원IC진입,37.64140341,127.1336938
261,퇴계원IC진출,37.64096112,127.1345734
262,토평IC,37.58421005,127.161871
263,토평IC앞,37.581843,127.161325
264,퇴계원IC진출,37.64174069,127.1362039
265,하남IC검단로진출,37.52285398,127.2204114
266,하남IC중부램프분기점,37.52755011,127.2210246
267,하남IC중부램프분기점,37.52834013,127.2194302
268,하남IC중부램프분기점,37.52626968,127.220679
269,하남IC중부진입,37.52531966,127.2216132
270,서하남IC진입,37.51539151,127.1526447
271,하남IC중부진출,37.53072968,127.2248739
272,하남IC,37.51577895,127.1509808
273,서하남IC진입,37.51610152,127.1495542
274,진천IC,37.2444469,126.9497146
275,봉담IC,37.23003134,126.9560645
276,당동교IC,37.86715253,126.815749
277,신부곡IC,37.33368678,126.9667368
278,월암IC,37.30386871,126.9613508
279,북수원,37.33310915,126.9817659
280,과천IC,37.42258453,126.9970149
281,과천IC,37.42140718,126.9986045
282,과천IC,37.42253534,126.9952146
283,경마장IC,37.44640978,127.0062352
284,경마장IC,37.4498649,127.0071046
285,경마장IC,37.44897165,127.0062137
286,경마장IC,37.44590753,127.0044481
287,과천IC,37.4211189,126.9957766
288,과천IC,37.42186328,126.9965798
289,이산포분기점,37.65951728,126.7233593
290,이산포분기점,37.65914893,126.7187601
291,이산포분기점,37.6559864,126.7244725
292,킨텍스IC,37.65297325,126.7397244
293,킨텍스IC,37.6474695,126.7413051
294,킨텍스IC,37.65091568,126.7342314
295,비봉IC,37.24575712,126.8826799
296,비봉IC,37.2439819,126.8849555
297,이천IC,37.24637184,127.4960024
298,이천IC,37.24538965,127.4949207
299,이천IC,37.24490753,127.5016369
300,비봉IC,37.23914853,126.8814272
301,덕평IC,37.24252687,127.3616359
302,호법JC,37.24216224,127.4250428
303,덕평IC,37.24108968,127.3665711
304,덕평IC,37.24029775,127.3650785
305,호법JC,37.23886153,127.4209513
306,호법JC,37.2305884,127.4284067
307,오산IC,37.14538074,127.0835639
308,오산IC,37.14329381,127.0822158
309,오산IC,37.14072793,127.085131
310,발안IC,37.12767674,126.8808614
311,발안IC,37.12328059,126.8849953
312,발안IC,37.1207709,126.8833766
313,일죽IC,37.09332103,127.4487727
314,일죽IC,37.08908768,127.4524498
315,일죽IC,37.08870621,127.4504574
316,안성IC,36.99679003,127.1532434
317,안성IC,36.9952614,127.1516974
318,안성IC,36.99162946,127.1552208
319,김포IC,37.59928696,126.7790789
320,김포IC,37.595617,126.7720404
321,학의JC,37.3892304,127.0073646
322,학의JC,37.38579809,126.9953099
323,학의JC,37.38158296,126.9994201
324,부곡IC,37.3266329,126.959261
325,부곡IC,37.32499203,126.9582337
326,부곡IC,37.32201287,126.9643782
327,매송IC,37.28065984,126.8986394
328,매송IC,37.27864118,126.8954162
329,매송IC,37.27592659,126.8967019
330,서안성IC,37.03146637,127.1633574
331,서안성IC,37.0348559,127.1582794
332,서안성IC,37.03564749,127.1603639
333,송탄IC,37.03381384,127.1120524
334,송탄IC,37.03719359,127.1082305
335,청계T/G,37.39293053,127.0245295
336,마장JC,37.25349468,127.4154716
337,마장JC,37.25562928,127.4132456
338,서이천IC,37.28001968,127.3881811
339,서이천IC,37.27525396,127.3933726
340,서이천IC,37.27818793,127.3937093
341,일산IC,37.63276475,126.8043113
342,자유로IC,37.62046,126.7934669
343,자유로IC,37.61524018,126.7962919
344,자유로IC,37.61503365,126.8031838
345,북로JC,37.59493071,126.8335837
346,일산IC,37.63749456,126.8049381
347,일산IC,37.63670934,126.8008109
348,서평택IC,37.00114084,126.8691068
349,서평택IC,36.99730974,126.8668834
350,서평택IC,36.99569959,126.8693212
351,송탄IC,37.03549346,127.1052843
352,청북IC,37.04876978,126.9219689
353,청북IC,37.04991565,126.9204219
354,청북IC,37.04876962,126.9146526
355,서평택JC,37.05043468,126.8869071
356,서평택JC,37.06053493,126.8896933
357,마성IC,37.26625578,127.1906156
358,용인IC,37.25849831,127.2103735
359,용인IC,37.25812434,127.2059936
360,용인IC,37.25578884,127.2119288
361,양지IC,37.24098381,127.2983378
362,양지IC,37.23897453,127.2909315
363,양지IC,37.23801221,127.2952817
364,기흥IC,37.22199931,127.1019796
365,기흥IC,37.22161831,127.100685
366,신갈JC,37.29523768,127.103665
367,신갈JC,37.29081137,127.1093505
368,신갈JC,37.28973234,127.0989448
369,마성IC,37.28836793,127.1554128
370,마성IC,37.28424578,127.1767413
371,마성IC,37.28384037,127.1738723
372,마성IC,37.28304621,127.1772859
373,시흥IC북측,37.45750265,126.8000336
374,시흥IC서측,37.45701275,126.7933803
375,시흥IC동측,37.45383446,126.800568
376,시흥IC남측,37.45353031,126.7955557
377,안현JC북측,37.44045378,126.8135628
378,안현JC동측,37.43946528,126.8218381
379,안현JC서측,37.43489818,126.8122261
380,안현JC남측,37.4340695,126.819588
381,신천IC서측,37.43112171,126.7777872
382,신천IC동측,37.42994696,126.7853848
383,신천IC남측,37.42899559,126.7792917
384,조남JC북측,37.37274587,126.8692708
385,조남JC서측,37.37019731,126.8642877
386,조남JC남측,37.36566046,126.8679305
387,군자T/G,37.35785662,126.7799846
388,목감IC북측,37.39808446,126.8719786
389,목감IC,37.39649193,126.8698001
390,목감IC남측,37.39404387,126.8706891
391,조남JC동측,37.36854081,126.8727029
392,서안산IC,37.35218368,126.7986563
393,서안산IC,37.35063018,126.8066263
394,서안산IC,37.34946524,126.8006324
395,안산IC,37.34718984,126.8336304
396,안산IC,37.35032953,126.8395859
397,안산IC,37.34887878,126.8426684
398,안산JC,37.34837262,126.8597638
399,안산JC,37.34537259,126.8566042
400,안산JC,37.34314706,126.8651524
401,안산JC,37.3410845,126.8641168
402,팔곡JC,37.30509184,126.8972443
403,팔곡JC,37.31217331,126.8951784
404,산본IC,37.37702981,126.9297272
405,산본IC,37.37577159,126.9297308
406,동군포IC,37.32853299,126.9411634
407,군포IC,37.32666518,126.9243994
408,군포IC,37.32473293,126.919155
409,둔대JC,37.32283012,126.9091802
410,둔대JC,37.31998212,126.9023806
411,광명IC서측,37.44002934,126.847918
412,광명IC동측,37.43851253,126.8550772
413,광명IC남측,37.43805462,126.8480195
414,일직JC북측,37.42820678,126.895885
415,일직JC서측,37.42463206,126.8897233
416,일직JC남측,37.41917762,126.8937232
417,일직JC,37.42381871,126.8948694
418,시흥T/G,37.45098184,126.803514
419,서서울T/G,37.35644493,126.8637297
420,팔곡지하차도,37.30023693,126.8932941
421,팔곡지하차도,37.29966115,126.8913485
422,팔곡지하차도,37.29801309,126.888882
423,용인IC,37.26507309,127.2131031
424,용인IC,37.26390796,127.21295
425,용인IC,37.26235868,127.2128525
426,용인IC,37.26090874,127.2127444
427,용인IC,37.26227649,127.2137286
428,이치리,37.2547669,127.3718924
429,도드람교차로,37.25416781,127.3866465
430,죽산교차로,37.06985909,127.4152648
431,가시교차로,37.02015784,127.2896416
432,태리교차로,37.60699068,126.7461311
433,천둥교차로,37.6036364,126.7655715
434,전화교,37.58720775,126.792396
435,율곡리IC ,37.88632912,126.797746
436,당동리,37.87020781,126.7739332
437,여우고개IC ,37.87551162,126.7907041
438,여우고개IC ,37.87214581,126.7828196
439,임진리IC ,37.87777381,126.7925321
440,율곡리,37.89798465,126.8197856
441,칠곡교차로,37.05426303,127.1646724
442,자유IC,37.88912612,126.7429202
443,김포IC,37.59903915,126.7727275
444,김포IC,37.59526143,126.7790283
445,청북IC,37.05000699,126.9311599
446,양지IC,37.23675146,127.3005102
447,마평리입체,37.19723356,127.3256275
448,백봉입체,37.14856984,127.3871912
449,고안리입체,37.13270115,127.4032558
450,능평리,37.33785862,127.1685606
451,묘봉교차로,37.12988856,127.213159
452,묘봉교차로,37.1257629,127.2135435
453,덕성교차로,37.17763509,127.203049
454,시미교차로,37.15945365,127.2066249
455,시미교차로,37.16283293,127.2062009
456,송전교차로,37.14406168,127.2010823
457,송전교차로,37.14720578,127.201669
458,원천교차로,37.19961446,127.2012531
459,원천교차로,37.19334681,127.199526
460,덕성교차로,37.18108356,127.2026533
461,포곡입구,37.28660071,127.2336593
462,오산리,37.33046774,127.1519627
463,제일리입체,37.22150306,127.3132199
464,능평리,37.33942684,127.1753383
465,임진리IC ,37.88566399,126.7947224
466,율곡3교IC,37.8881944,126.8107242
467,율곡3교IC,37.89274828,126.8160987
468,안다랑골입체교차로,37.20173834,126.9420957
469,이화리교차로,37.03585334,126.8057677
470,원정6리,37.00279868,126.8320138
471,원정6리,37.00178337,126.8377067
472,천둥고개,37.60489121,126.7575534
473,도사교차로,37.68467796,126.6138501
474,일죽리,37.09191078,127.4707928
475,일죽리,37.08988199,127.4682107
476,칠장사,37.07233484,127.4029087
477,칠장사,37.07265256,127.4012407
478,복하교차로,37.26492293,127.4652962
479,진암IC,37.11523343,127.6089012
480,마평리입체,37.18729034,127.3288689
481,마평리입체,37.19098506,127.3260575
482,고양IC,37.65971297,126.8211232
483,고양IC,37.65468604,126.8161987
484,고양IC,37.65673632,126.818167
485,고양IC,37.65701551,126.8210768
486,고양IC,37.66142787,126.8252324
487,고양IC,37.66000378,126.8260778
488,고양IC,37.65818763,126.8244845
489,통일로IC,37.67428403,126.8825931
490,테리교차로,37.60923002,126.7420782
491,장곡IC,37.60587782,126.7464281
492,테리교차로,37.60982833,126.7429917
493,누산IC,37.66764576,126.6449538
494,항신IC,37.61889547,126.7403756
495,항신IC,37.61925039,126.7407338
496,테리교차로,37.61150037,126.7410437
497,테리교차로,37.6102566,126.7384089
498,장곡IC,37.60643598,126.7474283
499,고촌IC,37.5863926,126.7898272
500,고촌IC,37.58731355,126.7922373
501,고촌IC,37.58740794,126.7930944
502,고촌IC,37.58775298,126.794315
503,고촌IC,37.58659064,126.7934079
504,김포T/G,37.59195872,126.766245
505,장곡IC,37.6073296,126.7452877
506,금촌IC,37.74433764,126.7709884
507,자유IC,37.89214899,126.7537118
508,자유IC,37.89756098,126.7485501
509,자유IC,37.89526721,126.7507969
510,율곡리IC ,37.88702413,126.8019945
511,문발IC,37.72516694,126.6924043
512,율곡리IC ,37.88834326,126.8032269
513,임진리IC ,37.8838191,126.792148
514,성동IC,37.789924,126.6795264
515,낙하IC,37.83975313,126.7316859
516,문발IC,37.72919028,126.6892947
517,문발IC,37.72625799,126.6889872
518,문발IC,37.72173203,126.6875648
519,여우고개IC ,37.87291724,126.7876933
520,남안성IC,36.97741575,127.2419742
521,서수지IC,37.32074921,127.0545548
522,고기JCT,37.35932048,127.0631173
523,봉담IC,37.23408015,126.953408
524,봉담IC,37.223722,126.9598899
525,정남IC,37.18858682,126.9683363
526,정남IC,37.18276761,126.9730952
527,서오산JC,37.17898819,126.9908494
528,서오산JC,37.17468195,127.001733
529,북오산IC,37.18306791,127.0540971
530,북오산IC,37.18398621,127.0603073
531,오성IC,37.01766356,126.9854023
532,평택JC,37.03014345,126.9847099
533,평택JC,37.03561175,126.9846238
534,어연IC,37.05544815,126.986415
535,어연IC,37.05953115,126.9890045
536,향남IC,37.12798202,126.999995
537,향남IC,37.13266832,127.001379
538,서오산JC,37.1715528,126.997276
539,서오산JC,37.17978265,127.0011372
540,봉담IC,37.22608441,126.9544373
541,봉담IC,37.23187987,126.9591576
542,동탄JC,37.18240963,127.0958558
543,동탄JC,37.17394052,127.0949795
544,오성IC,37.00991707,126.9899838
545,오성IC,37.01204007,126.9963166
546,평택JC,37.03026976,126.9732749
547,평택JC,37.0338559,126.9690332
548,안녕IC,37.19706408,127.0189514
549,안녕IC,37.19525984,127.0117298
550,오성IC,37.01480168,126.9895325
551,오성IC,37.01331032,126.993842
552,어연IC,37.05506816,126.9888626
553,향남IC,37.12957323,126.9980156
554,안녕IC,37.19241343,127.0118779
555,정남IC,37.18593135,126.9720231
556,북오산IC,37.18534836,127.0556119
557,평택JC,37.03240931,126.9824281
558,평택JC,37.03241606,126.9744348
559,북오산IC,37.18803311,127.0541304
560,장항IC진입,37.63851111,126.761031
561,장항IC2진입,37.64124387,126.7554859
562,장항IC1진입,37.64170287,126.7592915
563,남양주IC진입,37.61524333,127.1747853
564,남양주IC진입,37.61608202,127.172781
565,정왕IC,37.38031715,126.7407326
566,월곶JC남측,37.38363397,126.7607398
567,월곶JC북측,37.39546354,126.7436802
568,물왕요금소,37.39127518,126.8290758
569,연성요금소,37.39157215,126.7978209
570,정왕IC,37.37789145,126.7353503
571,도리JC,37.3997591,126.8442163
572,도리JC남측,37.39351896,126.8510326
573,연성IC,37.38859277,126.8032605
574,연성IC,37.38852017,126.7937186
575,월곶JC동측,37.38827734,126.7620282
576,월곶JC서측,37.38446003,126.744798
577,정왕IC,37.38101471,126.7367138
578,정왕IC,37.38023203,126.7272218
579,도리JC,37.39324459,126.8376587
580,여주분기점,37.227743,127.592089
581,여주분기점,37.230639,127.589718
582,여주분기점,37.23230312,127.5871703
583,여주분기점,37.23422942,127.5900785
584,여주분기점,37.23230541,127.593973
585,여주분기점,37.23728956,127.5884675
586,여주분기점,37.23412523,127.5873925
587,여주분기점,37.23637179,127.5884208
588,여주분기점,37.23065202,127.5937342
589,서여주IC,37.30238151,127.5823841
590,서여주IC,37.30409482,127.5844035
591,서여주IC,37.30701845,127.5820961
592,서여주IC,37.30033434,127.5863055
593,북여주IC,37.37034752,127.5267983
594,남안성IC,36.97477708,127.2464913
595,동호평IC,37.6519096,127.2525581
596,평내IC,37.64588688,127.2482623
597,이패IC,37.60934843,127.1915183
598,수석IC,37.59620319,127.1777074
599,판교IC앞사거리,37.39424545,127.1056373
600,백현1교차로,37.3815789,127.1022633
601,장월IC,37.691482,126.68433
602,장월IC,37.685332,126.679868
603,조암교차로,37.12360738,126.8325082
604,서평택JC서측,37.05573228,126.8824704
605,조암IC남측,37.116912,126.8207369
606,조암IC북측,37.12094584,126.8155183
607,조암IC동측,37.11935453,126.8207867
608,송산마도IC남측,37.20662459,126.7608139
609,송산마도IC서측,37.20954908,126.7571601
610,송산마도IC북측,37.21163675,126.7595597
611,송산마도휴게소남측,37.23479466,126.7601367
612,송산마도휴게소북측,37.24199381,126.7575978
613,군자JC,37.37645892,126.7670309
614,송산마도IC입구남측,37.20993746,126.7497896
615,송산마도IC서측,37.21126718,126.7469526
616,남안산IC남측,37.32770956,126.7488306
617,남안산IC동측,37.32899748,126.7512529
618,남안산IC북측,37.33295875,126.7521485
619,남안산IC입구서측,37.33013583,126.760048
620,남안산IC입구북측,37.33122309,126.7604093
621,남안산IC입구남측,37.3294299,126.7622878
622,학의JC,37.39465677,127.0041118
623,월암IC,37.30306329,126.9624899
624,월암IC,37.30610157,126.9652159
625,신부곡IC,37.32831528,126.9658623
626,신부곡IC,37.3353328,126.9714407
627,의왕IC,37.33786992,126.9746859
628,의왕IC,37.34327402,126.9802693
629,서수원IC,37.28792116,126.9505406
630,서수원IC,37.29787102,126.9558135
631,의왕,37.34750393,126.9843841
632,진관IC,37.64306082,127.1563682
633,진관IC,37.64565337,127.159387
634,진관IC,37.64654645,127.1614775
635,청북IC입구,37.05140114,126.9286465
636,청북IC입구,37.05239805,126.9310662
637,청북IC입구,37.05643694,126.9272837
638,영릉IC교,37.29397047,127.6141127
639,영릉IC교,37.29541752,127.6142221
640,신곡IC입구,37.60410831,126.7837807
641,김포한강로램프,37.60416266,126.7859689
642,김포한강로램프,37.60311637,126.7888137
643,김포한강로램프,37.63186129,126.737662
644,김포한강로램프,37.63269738,126.7367439
645,김포한강로램프,37.63648996,126.730817
646,김포한강로램프,37.63906565,126.7248904
647,김포한강로램프,37.64006433,126.7225825
648,김포한강로램프,37.60516776,126.7833303
649,김포한강로램프,37.6081209,126.778964
650,기흥동탄IC,37.21906879,127.0988344
651,기흥동탄IC,37.21649437,127.0946311
652,기흥동탄IC,37.214124,127.0961956
653,기흥동탄IC,37.21727102,127.0877524
654,북여주IC,37.37259271,127.5177576
655,북여주IC,37.37347806,127.5243284
656,북여주IC,37.37316435,127.5264716
657,북여주IC,37.37573023,127.5262274
658,양평IC,37.51889264,127.449944
659,양평IC,37.52020517,127.4444316
660,양평IC,37.51577678,127.4385219
661,양평IC,37.51429631,127.4360964
662,양평IC,37.51483565,127.4328888
663,양평IC,37.5124046,127.4404755
664,청라IC,37.56981076,126.6749593
665,청라IC,37.56632962,126.6639899
666,청라IC,37.56030308,126.6642419
667,남여주IC,37.25195457,127.590778
668,남여주IC교차로,37.24932532,127.5966589
669,남여주IC,37.25628543,127.5876991
670,남여주IC,37.25012488,127.587841
671,쌍동IC,37.38314132,127.2919427
672,쌍동IC,37.38262147,127.2864173
673,태전IC,37.39262224,127.2418487
674,직리IC,37.40291021,127.2016619
675,직리IC,37.40235076,127.2019621
676,직리IC,37.40258926,127.1954933
677,섬말IC,37.42027844,127.1566464
678,태전IC,37.39926059,127.2356518
679,쌍동IC,37.37883415,127.2954509
680,태전IC,37.39124232,127.2357208
681,섬말IC,37.41602124,127.159472
682,섬말IC,37.41968687,127.1540921
683,전곡교차로,37.18978218,126.6920686
684,모산교차로,37.02730559,127.2357434
685,모산교차로,37.02686478,127.2365777
686,송산마도IC입구,37.21141744,126.7527388
687,전곡교차로,37.18911353,126.6921606
688,신기교차로,36.99414379,127.2425103
689,신기교차로,36.99369174,127.2416205
690,모산교차로,37.02466602,127.2354824
691,늑동교차로,36.98072231,127.2518486
692,신기교차로,36.99246175,127.2443613
693,신기교차로,36.99580102,127.2399649
694,건지교차로,37.00662807,127.2400106
695,건지교차로,37.00869259,127.2408703
696,건지교차로,37.00873844,127.2398368
697,건지교차로,37.01097295,127.2400167
698,양변교차로,36.9583097,127.2467742
699,양변교차로,36.96055443,127.2460878
700,양변교차로,36.96053965,127.2471046
701,늑동교차로,36.97510489,127.2523903
702,늑동교차로,36.97797311,127.2528981
703,늑동교차로,36.97789324,127.2524954
704,입장교차로,36.92121586,127.2389546
705,입장교차로,36.92426382,127.2318218
706,송산교차로,36.94022871,127.2413478
707,송산교차로,36.93947848,127.2421788
708,송산교차로,36.94017947,127.2433681
709,송산교차로,36.94185048,127.2426856
710,양변교차로,36.96327099,127.2474164
711,별내IC,37.66095331,127.1192798
712,별내IC,37.65682448,127.1155543
713,마석IC,37.64153416,127.2988627
714,마석IC,37.64090965,127.3011788
715,대흥1리입구교차로,37.48227032,127.5451202
716,조안교차로,37.5321974,127.3015999
717,능국교차로,37.10198018,127.4833345
718,능국교차로,37.10379873,127.4873897
719,대서리,37.11153331,127.5760912
720,일죽당촌리입체,37.10309334,127.4960353
721,청미교앞교차로동측,37.09956447,127.4815572
722,가시교차로,37.02151871,127.2865968
723,진암IC,37.11485114,127.6054474
724,고덕교차로,37.00806384,127.0454006
725,신궁교차로,36.98151145,127.078968
726,신궁교차로,36.97747404,127.0818949
727,신궁교차로,36.97760197,127.0773864
728,고덕교차로,37.00918888,127.0441582
729,정자삼거리/고덕교차로,37.01117861,127.0419238
730,고덕교차로,37.01146513,127.04528
731,신궁교차로,36.97938968,127.0741646
732,안중교차로,36.99044924,126.9383279
733,죽산리,37.07438777,127.4285949
734,대서리,37.11360372,127.5789021
735,양성교차로,37.07341287,127.2094011
736,양성교차로,37.07155386,127.2045286
737,대원JC,37.42148903,127.1540303
738,직리IC,37.40273901,127.2049885
739,태전IC,37.39549163,127.2306704
740,미사IC남측,37.57999709,127.1926181
741,민락지하차도교차로,37.74874424,127.1094053
742,나진교차로,37.63643416,126.692562
743,감정교차로,37.62575232,126.6856514
744,나진교차로,37.63550366,126.6898674
745,나진교차로,37.63797236,126.6905048
746,나진교차로,37.63624587,126.6928245
747,나진교차로,37.63585165,126.6933577
748,나진교차로,37.6369354,126.6955976
749,나진교차로,37.63742294,126.6978854
750,서촌교차로,37.63819948,126.7009636
751,서촌교차로,37.63908211,126.7031145
752,서촌교차로,37.63868513,126.7032541
753,걸포IC,37.64034901,126.7097848
754,걸포IC,37.64039757,126.7102865
755,걸포IC,37.64120189,126.7104461
756,걸포IC,37.64280937,126.7110973
757,걸포IC,37.63858694,126.7128707
758,이산포분기점,37.65534192,126.7197868
759,등원로 파주로,37.76002216,126.8080499
760,파주로 등원로,37.75960738,126.8084986
761,뇌조교차로,37.76181641,126.8120897
762,뇌조교차로,37.76321928,126.8141765
763,뇌조교차로,37.76278541,126.8146409
764,뇌조교차로,37.76345015,126.8170566
765,오현교차로,37.85011736,126.9193804
766,오현교차로,37.84953234,126.9196368
767,오현교차로,37.85037326,126.9235011
768,덕도교차로,37.8533561,126.955199
769,덕도교차로,37.853803,126.959401
770,덕도교차로,37.8535463,126.9596973
771,덕도교차로,37.8546783,126.9625762
772,경신교차로,37.86327608,126.977622
773,경신교차로,37.86500765,126.9799597
774,경신교차로,37.86492995,126.9806959
775,상수교차로,37.87146984,126.9936214
776,흥덕IC,37.27850731,127.0798557
777,청명IC,37.26315954,127.0915085
778,하반교차로,37.19195521,127.1804656
779,하반교차로,37.19309753,127.180714
780,하반교차로,37.19311161,127.1812075
781,상덕교차로,37.19960703,127.1816219
782,신월IC,37.65895959,127.1567403
783,신월IC,37.65901904,127.157995
784,고모교차로,37.80228167,127.1644301
785,고모교차로,37.803044,127.164152
786,고모교차로,37.80381373,127.1616511
787,고모교차로,37.80287818,127.1668138
788,능원교차로,37.33997424,127.1883462
789,능원교차로,37.34175888,127.1895015
790,능원교차로,37.34069241,127.1944958
791,백봉교차로,37.14694652,127.3870539
792,백봉교차로,37.14575587,127.3875441
793,백봉교차로,37.14696006,127.387698
794,남군포IC,37.32670084,126.9253826
795,남군포IC,37.32332866,126.9270823
796,남군포IC,37.32561499,126.9278059
797,남군포IC,37.33007646,126.929041
798,동안산당수IC,37.29625848,126.9306608
799,동안산당수IC,37.30201594,126.9353847
800,동안산당수IC,37.2958119,126.9366595
801,금곡IC,37.27944703,126.9504603
802,봉담IC,37.21796741,126.9633676
803,안성JC,37.03719928,127.146022
804,안성JC,37.03477275,127.1332238
805,안성JC,37.04455682,127.1370241
806,자유로IC,37.62135376,126.8021632
807,안성JC,37.02623808,127.141448
808,서평택JC,37.05292061,126.8942001
809,호원IC,37.70427651,127.0426308
810,호원IC,37.70247781,127.0437417
811,자금사거리,37.76378478,127.0849089
812,자금사거리,37.75952168,127.08497
813,자금사거리,37.76333609,127.0907469
814,자금사거리,37.75860225,127.0914363
815,개화IC,37.59156578,126.8038058
816,개화IC,37.58996357,126.8021291
817,개화IC,37.59212981,126.8036107
818,개화IC,37.59230873,126.8040052
819,개화IC,37.59111645,126.8032347
820,개화IC,37.59279266,126.8049334
821,서하남IC,37.51156365,127.1496033
822,서초IC,37.48321368,127.0238539
823,양재IC,37.46189923,127.0377358
824,양재IC,37.46317973,127.0403347
825,양재IC,37.463003,127.0402759
826,양재IC,37.46401622,127.0395399
827,양재IC,37.46391089,127.0394131
828,내곡IC,37.45506035,127.0771801
829,내곡IC,37.45681185,127.0763409
830,내곡IC,37.45833183,127.0754555
831,양재IC,37.46307304,127.0393586
832,잠원IC,37.50722097,127.0168667
833,한남IC,37.51704424,127.0163581
834,잠원IC,37.50923289,127.0149308
835,서초IC,37.48405908,127.0258484
836,서초IC,37.48397792,127.0256898
837,서초IC,37.48365255,127.027034
838,서초IC,37.48339867,127.0251943
839,서초IC,37.4829452,127.0260677
840,서초IC,37.48321461,127.0261584
841,내곡IC,37.46013538,127.0798889
842,내곡IC,37.46003437,127.0799376
843,내곡IC,37.46125221,127.0836976
844,내곡IC,37.46098734,127.0736681
845,내곡IC,37.45704499,127.0707999
846,올림픽대로 한수길램프,37.50488424,126.9855549
847,올림픽대로램프,37.50810154,126.9939814
848,양재IC,37.46496032,127.0418795
849,양재IC,37.46385955,127.0405976
850,양재IC,37.46155326,127.0418823
851,양재IC,37.46118499,127.0420058
852,양재IC,37.46564546,127.0377669
853,양재IC,37.46574014,127.0379038
854,잠원IC,37.51171277,127.0152869
855,서초IC,37.48591374,127.0251637
856,서초IC,37.48530461,127.0252
857,서초IC,37.4811487,127.0269068
858,서초IC,37.48147099,127.0266017
859,반포IC,37.50092977,127.0195032
860,반포IC,37.50103201,127.0192752
861,반포IC,37.50343041,127.0184996
862,반포IC,37.5034522,127.0183001
863,올림픽대로램프,37.51246566,127.0028236
864,올림픽대로 한수길램프,37.50611835,126.9899478
865,올림픽대로 한수길램프,37.50672454,126.9909393
866,반포IC,37.50319526,127.0173467
867,반포IC,37.50329606,127.017396
868,서초IC,37.48387714,127.0286616
869,한남IC,37.52062611,127.0168726
870,경부고속도로 올림픽대로,37.51973288,127.0116484
871,한남IC,37.51942949,127.0116692
872,한남IC,37.52239584,127.0144201
873,한남IC,37.52255023,127.0155097
874,한남IC,37.52159135,127.013292
875,한남IC,37.51762839,127.0164597
876,서초IC,37.48310174,127.0238381
877,반포IC,37.5030945,127.0187421
878,양재IC,37.4622137,127.0379686
879,양재IC,37.46315547,127.0392707
880,잠원IC,37.50914758,127.0150312
881,올림픽대로 강남대로,37.52254564,127.0171954
882,서초IC,37.483319,127.0254124
883,서초IC,37.48351551,127.0268364
884,양재IC,37.46394152,127.0405089
885,양재IC,37.46489591,127.0419918
886,서초IC,37.48371753,127.0283004
887,양재IC,37.4606336,127.0427574
888,경부고속도로 일반국도4호선,37.45823959,127.0448082
889,용인서울고속국도 헌릉로,37.46540643,127.0903546
890,반포IC,37.50302499,127.0194706
891,내곡IC,37.45879166,127.0761426
892,내곡IC,37.45787744,127.0729899
893,내곡IC,37.45878031,127.0752043
894,내곡IC,37.45977472,127.0744991
895,선암로IC,37.46267526,127.0189962
896,선암로IC,37.46271257,127.0191236
897,선암로IC,37.45977091,127.0189503
898,선암로IC,37.45968899,127.0190394
899,선암로IC,37.4583858,127.0209893
900,선암로IC,37.45837425,127.0211302
901,선암로IC,37.46032755,127.0217021
902,선암로IC,37.460802,127.0204466
903,선암로IC,37.45950962,127.0201769
904,한남IC,37.5253724,127.0146791
905,용인서울고속국도 헌릉로,37.46496529,127.0898722
906,올림픽대로 반포로램프,37.50924884,126.9989359
907,올림픽대로 반포로램프,37.50933579,126.9991849
908,올림픽대로 반포로램프,37.50945192,126.9981637
909,올림픽대로 반포로램프,37.510042,126.9995294
910,동부간선도로 남부순환로,37.49613282,127.0905476
911,수서IC,37.49113087,127.1036332
912,동부간선도로 남부순환로,37.50055444,127.077407
913,수서IC,37.4921093,127.0958642
914,올림픽대로 일반국도47호선,37.528632,127.051645
915,올림픽대로 일반국도47호선,37.52448394,127.0580233
916,올림픽대로 논현로램프,37.53380779,127.0265039
917,올림픽대로 언주로램프,37.53172129,127.0397706
918,올림픽대로 언주로램프,37.53187887,127.0381012
919,올림픽대로 언주로램프,37.53021597,127.0338849
920,올림픽대로 언주로램프,37.53359312,127.0316908
921,올림픽대로 언주로램프,37.53424845,127.0299166
922,올림픽대로 선릉로동1길,37.527287,127.0541666
923,올림픽대로 언주로램프,37.53570601,127.0348332
924,올림픽대로 언주로램프,37.53231127,127.0343117
925,올림픽대로 언주로램프,37.53235774,127.0341815
926,올림픽대로 언주로램프,37.53439865,127.0330525
927,올림픽대로 언주로램프,37.53237364,127.0351566
928,올림픽대로 언주로램프,37.53325767,127.0365591
929,올림픽대로 일반국도47호선,37.527907,127.0559936
930,올림픽대로 일반국도47호선,37.5261042,127.0560969
931,동부간선도로 남부순환로,37.49914093,127.0827252
932,동부간선도로 남부순환로,37.49802098,127.0844605
933,올림픽대로 논현로램프,37.53339427,127.0229085
934,올림픽대로 논현로램프,37.52916162,127.022078
935,동부간선도로 올림픽대로,37.52159722,127.0626641
936,동부간선도로 올림픽대로,37.50881306,127.067938
937,동부간선도로 올림픽대로,37.517892,127.0658185
938,올림픽대로 봉은사로북,37.51877585,127.0647059
939,수서IC,37.49122627,127.1037368
940,올림픽대로 언주로램프,37.53022711,127.0340231
941,올림픽대로 언주로램프,37.53571277,127.0346974
942,올림픽대로 일반국도,37.52792068,127.0558525
943,올림픽대로 논현로램프,37.53348732,127.0231311
944,한남IC,37.52808722,127.0215578
945,한남IC,37.52376687,127.0169114
946,한남IC,37.52677777,127.0200272
947,한남IC,37.52424444,127.0169213
948,올림픽대로 일반국도47호선,37.52555835,127.0556959
949,올림픽대로 일반국도47호선,37.52395012,127.0584938
950,올림픽대로 논현로램프,37.53087114,127.0236398
951,올림픽대로 논현로램프,37.53218446,127.024661
952,올림픽대로 봉은사로북,37.51820561,127.0671933
953,용인서울고속국도 헌릉로,37.46416023,127.0926131
954,올림픽대로 일반국도3호선,37.51734768,127.0882031
955,동부간선도로 헌릉로램프,37.47193754,127.1224582
956,동부간선도로 헌릉로램프,37.47183842,127.1223474
957,올림픽대로 일반국도3호선,37.51705205,127.0882447
958,올림픽대로 광나룻길램프,37.52734263,127.1065553
959,올림픽대로 백제고분로,37.51698331,127.0810876
960,올림픽대로 광나룻길램프,37.53359007,127.1099342
961,올림픽대로 일반국도43호선,37.54049672,127.1181487
962,올림픽대로 백제고분로,37.5174624,127.0759097
963,올림픽대로 일반국도43호선,37.54071814,127.1196304
964,올림픽대로 강동대로램프,37.52710087,127.106814
965,올림픽대로 백제고분로,37.51682959,127.079224
966,올림픽대로 일반국도43호선,37.53885376,127.1162142
967,올림픽대로 일반국도43호선,37.53703,127.1135878
968,청담IC,37.51815902,127.0682825
969,올림픽대로 백제고분로,37.51787043,127.0777486
970,올림픽대로 강동대로램프,37.53065428,127.1099523
971,올림픽대로 일반국도3호선,37.52203051,127.1004708
972,올림픽대로 일반국도3호선,37.5229115,127.100877
973,올림픽대로 일반국도3호선,37.51869482,127.092374
974,올림픽대로 일반국도3호선,37.51785884,127.0921749
975,올림픽대로 일반국도3호선,37.5163511,127.0976757
976,올림픽대로 일반국도3호선,37.52109469,127.0941615
977,올림픽대로 가람길램프,37.51863885,127.0944724
978,올림픽대로 광나룻길램프,37.53228851,127.1057404
979,올림픽대로램프,37.53025477,127.1088876
980,올림픽대로 광나룻길램프,37.5299477,127.1081707
981,올림픽대로 광나룻길램프,37.53085866,127.1070429
982,올림픽대로 일반국도3호선,37.516405,127.0977935
983,올림픽대로 일반국도3호선,37.51961062,127.0965458
984,청담IC,37.5184287,127.0707396
985,청담IC,37.51815532,127.0712575
986,올림픽대로 일반국도43호선,37.53723112,127.1133333
987,올림픽대로 일반국도43호선,37.53951561,127.1157174
988,올림픽대로 일반국도3호선,37.52078594,127.0985276
989,올림픽대로 일반국도3호선,37.52120211,127.0974804
990,올림픽대로 백제고분로,37.51805873,127.0744105
991,청담IC,37.51686337,127.069602
992,청담IC,37.51682311,127.069746
993,올림픽대로 일반국도43호선,37.54174667,127.1159521
994,올림픽대로 일반국도3호선,37.52102833,127.0940531
995,올림픽대로 일반국도43호선,37.54185754,127.1159662
996,동부간선도로 헌릉로램프,37.46912743,127.1231204
997,동부간선도로 헌릉로램프,37.46904002,127.1232009
998,동부간선도로 헌릉로램프,37.4700602,127.124982
999,동부간선도로 헌릉로램프,37.46993392,127.1249849
1000,송파IC,37.47372694,127.127333
1001,송파IC,37.47573061,127.1284189
1002,송파IC,37.47537766,127.1269635
1003,송파IC,37.47793182,127.1330351
1004,송파IC,37.47780734,127.1332287
1005,송파IC,37.47137893,127.1254783
1006,송파IC,37.47562807,127.1297727
1007,올림픽대로 상암길램프,37.55042696,127.123049
1008,올림픽대로 구천면길램프,37.54780171,127.1220959
1009,올림픽대로 즈믄길램프,37.5431238,127.1202649
1010,올림픽대로 구천면길램프,37.54474712,127.1211432
1011,올림픽대로 구천면길램프,37.54464711,127.1200789
1012,올림픽대로 구천면길램프,37.54777351,127.1217278
1013,올림픽대로 일반국도43호선,37.54297062,127.1193551
1014,강일IC,37.57519983,127.168986
1015,강일IC,37.57551769,127.1691444
1016,강일IC,37.57343405,127.1651625
1017,강일IC,37.57320954,127.1659748
1018,강일IC,37.57291899,127.1653206
1019,강일IC,37.57553887,127.1634753
1020,강일IC,37.57451626,127.1637916
1021,강일IC,37.57280969,127.1657496
1022,강일IC,37.5726986,127.1653219
1023,강일IC,37.5691101,127.1688785
1024,강일IC,37.56957633,127.1683076
1025,강일IC,37.57233918,127.1680363
1026,올림픽대로 구천면길램프,37.54339631,127.1177651
1027,올림픽대로 고덕동길램,37.55143632,127.1230633
1028,송파IC,37.47090366,127.1283632
1029,송파IC,37.47184576,127.1295253
1030,송파IC,37.47118094,127.1296738
1031,송파IC,37.47053317,127.130158
1032,서부간선도로 구일길램프,37.49472789,126.8713882
1033,서부간선도로 구일길램프,37.49168095,126.8739248
1034,서부간선도로 구일6길램프,37.49383003,126.871959
1035,서부간선도로 구일6길램프,37.4938822,126.871735
1036,서부간선도로 도림천로,37.5156097,126.8819624
1037,서부간선도로 서부샛길,37.47057793,126.8820982
1038,서부간선도로 독산역길,37.46668208,126.8852199
1039,서부간선도로 서부샛길,37.46910764,126.8835417
1040,서부간선도로램프,37.46226369,126.8889397
1041,서부간선도로램프,37.4620275,126.8893188
1042,신월IC,37.52547774,126.8340781
1043,신월IC,37.52528572,126.834108
1044,신월IC,37.52503189,126.8321224
1045,신월IC,37.52556787,126.8359335
1046,신월IC,37.52570837,126.8355231
1047,신월IC,37.5251336,126.8320707
1048,올림픽대로 구룡로램프,37.56737712,126.8554896
1049,올림픽대로 구룡로램프,37.56654149,126.8565555
1050,개화IC,37.58964227,126.8088628
1051,개화IC,37.58965934,126.8094599
1052,가양IC,37.57368257,126.8447034
1053,가양IC,37.57238516,126.8472879
1054,올림픽대로 안양천길램프,37.55571064,126.8732948
1055,가양IC,37.57481982,126.8427194
1056,올림픽대로 구룡로램프,37.56828708,126.854315
1057,올림픽대로 안양천길램프,37.5566637,126.8724555
1058,올림픽대로 구룡로램프,37.56346665,126.8622476
1059,올림픽대로 구룡로램프,37.563232,126.8630324
1060,인천국제공항고속도로 올림픽대로,37.58215724,126.8251459
1061,올림픽대로 구룡로램프,37.56737584,126.8594845
1062,올림픽대로 구룡로램프,37.56683019,126.8580912
1063,올림픽대로 구룡로램프,37.56596372,126.8597257
1064,인천국제공항고속도로 올림픽대로,37.58408739,126.8148172
1065,올림픽대로 구룡로램프,37.56732109,126.8596017
1066,올림픽대로 정곡길램프,37.58384773,126.8210223
1067,올림픽대로 정곡길램프,37.58594213,126.8168617
1068,인천국제공항고속도로 개화동로,37.57286009,126.8026928
1069,인천국제공항고속도로 개화동로,37.57267744,126.8029052
1070,인천국제공항고속도로 올림픽대로,37.58373295,126.8154876
1071,인천국제공항고속도로 올림픽대로,37.58340416,126.8214902
1072,여의상류IC,37.51803122,126.9386786
1073,여의상류IC,37.51976508,126.9409942
1074,서부간선도로 제물포길,37.52989196,126.891973
1075,서부간선도로 제물포길,37.52884204,126.8885453
1076,염창IC,37.55112211,126.8793604
1077,서부간선도로 제물포길,37.53072373,126.8901504
1078,서부간선도로 제물포길,37.53071661,126.8899893
1079,서부간선도로 제물포길,37.53185652,126.8913444
1080,올림픽대로 노들길램프,37.53055884,126.9096279
1081,올림픽대로 노들길램프,37.5353433,126.9059247
1082,올림픽대로 노들길램프,37.5348182,126.9067853
1083,서부간선도로 제물포길,37.53232919,126.8907431
1084,서부간선도로 제물포길,37.53033591,126.8901238
1085,서부간선도로 제물포길,37.5301382,126.889734
1086,올림픽대로램프,37.54450305,126.8910512
1087,올림픽대로 일반국도1호,37.5449653,126.8904722
1088,서부간선도로 제물포길,37.53066237,126.8886338
1089,염창IC,37.55206076,126.8814889
1090,염창IC,37.55201395,126.8809142
1091,서부간선도로 양평로램,37.54109484,126.8887087
1092,올림픽대로 일반국도1호선,37.54748386,126.8889122
1093,서부간선도로 제물포길,37.53432151,126.8917078
1094,염창IC,37.55302776,126.8778666
1095,서부간선도로 제물포길,37.53001324,126.8921945
1096,서부간선도로 제물포길,37.52819195,126.8879715
1097,서부간선도로 제물포길,37.53076679,126.888669
1098,서부간선도로 제물포길,37.53366528,126.89174
1099,서부간선도로 영등포로,37.52510844,126.8819225
1100,여의상류IC,37.51780918,126.940451
1101,여의하류IC,37.53479607,126.9073823
1102,여의하류IC,37.52643372,126.911016
1103,여의하류IC,37.53357822,126.9088719
1104,여의하류IC,37.53247596,126.9095076
1105,여의하류IC,37.53192886,126.9097767
1106,여의하류IC,37.53084459,126.9101797
1107,여의상류IC,37.51764755,126.9377628
1108,여의상류IC,37.51790519,126.9399292
1109,서부간선도로 영등포로,37.5238247,126.8804634
1110,올림픽대로 동작대로램,37.50157622,126.9820913
1111,올림픽대로 동작대로램,37.50578231,126.9743173
1112,올림픽대로 현충로램프,37.50508459,126.9755019
1113,여의상류IC,37.51763612,126.9445668
1114,올림픽대로 노들길램프,37.5174471,126.9461103
1115,올림픽대로 노들길램프,37.5173734,126.9443818
1116,올림픽대로 노들길램프,37.51691233,126.9458469
1117,올림픽대로 노들길램프,37.51682143,126.9451152
1118,여의상류IC,37.5161576,126.9430296
1119,여의상류IC,37.5174962,126.9429855
1120,올림픽대로 노들길램프,37.51537622,126.9369764
1121,올림픽대로 노들길램프,37.51507321,126.9349757
1122,여의상류IC,37.51583623,126.9409157
1123,여의상류IC,37.51610562,126.9363957
1124,여의상류IC,37.5159629,126.9369129
1125,올림픽대로 노들길램프,37.51584684,126.9362735
1126,올림픽대로 노들길램프,37.51561404,126.9348485
1127,여의상류IC,37.51742487,126.9406084
1128,여의상류IC,37.51739275,126.9405017
1129,여의상류IC,37.51692291,126.9400317
1130,여의상류IC,37.51718399,126.9413748
1131,여의상류IC,37.51650742,126.9378948
1132,여의상류IC,37.51670851,126.9463267
1133,노들길 올림픽대로램프,37.5149564,126.9349098
1134,노들길 용호로램프,37.51460474,126.9301873
1135,노들길 용호로램프,37.5149858,126.9271492
1136,여의상류IC,37.51655752,126.9407499
1137,여의상류IC,37.5165836,126.9408813
1138,여의상류IC,37.51624778,126.9405989
1139,여의상류IC,37.51635438,126.9413039
1140,올림픽대로 현충로램프,37.50329507,126.9763949
1141,올림픽대로 현충로램프,37.50420883,126.9766543
1142,올림픽대로 현충로램프,37.50431623,126.9758721
1143,올림픽대로 현충로램프,37.50454906,126.9750726
1144,올림픽대로 현충로램프,37.50430922,126.9764104
1145,상일IC,37.5474642,127.1748444
1146,상일IC,37.55401947,127.1770804
1147,올림픽대로램프,37.57744846,127.173827
1148,동부간선 밤고개로서,37.48514584,127.108953
1149,동부간선 밤고개로서,37.48631013,127.1082135
1150,강변북로 일반국도1호선,37.5565467,126.8939091
1151,강변북로 잠실철교로램프,37.5334465,127.0958666
1152,강변북로 광나룻길램프,37.53926313,127.0983461
1153,상일IC,37.54933823,127.182632
1154,노들길램프,37.51483696,126.9522431
1155,노들길램프,37.51444045,126.9518529
1156,올림픽대로 동작대로램프,37.50432165,126.9778331
1157,올림픽대로 동작대로램프,37.50184169,126.979856
1158,노들길램프,37.51513399,126.9513254
1159,올림픽대로 노량진로램프,37.51343683,126.9467633
1160,올림픽대로 현충로램프,37.50396319,126.9755666
1161,올림픽대로 동작대로램프,37.50226675,126.9794714
1162,노들길 은행나무길램프,37.53488206,126.9055728
1163,노들길 은행나무길램프,37.53540561,126.9044209
1164,올림픽대로램프,37.54777676,126.8888365
1165,올림픽대로램프,37.54365429,126.8927525
1166,여의하류IC,37.5332936,126.9116895
1167,여의하류IC,37.53347595,126.9113471
1168,여의하류IC,37.53400123,126.9124481
1169,여의하류IC,37.53137175,126.9238476
1170,여의하류IC,37.52820594,126.9124219
1171,여의하류IC,37.5258303,126.9139333
1172,여의하류IC,37.53385518,126.9148491
1173,여의하류IC,37.53028175,126.9116502
1174,올림픽대로 여의동로램프,37.52242294,126.916194
1175,올림픽대로 여의동로램프,37.5200168,126.9191574
1176,염창IC,37.54807575,126.8825206
1177,여의하류IC,37.53196985,126.9087337
1178,노들길 선유도길램프,37.54057019,126.8959111
1179,여의하류IC,37.53237855,126.9099107
1180,노들길 일반국도6호선램프,37.53910052,126.9004311
1181,서부간선도로 일반국도6호선램프,37.54386472,126.8873538
1182,서부간선도로 일반국도6호선램프,37.54654091,126.887706
1183,노들길 선유로램프,37.53642915,126.8983454
1184,서부간선도로 양평로램프,37.5393461,126.8897892
1185,서부간선도로 양평로램프,37.53978475,126.8900728
1186,여의하류IC,37.53228857,126.9099677
1187,노들길 선유로램프,37.53648899,126.8982324
1188,노들길 일반국도6호선램프,37.5391582,126.9003162
1189,노들길 일반국도6호선램프,37.53793577,126.8986627
1190,노들길 선유로램프,37.5388147,126.8992064
1191,여의하류IC,37.53343611,126.9158742
1192,올림픽대로 일반국도1호선램프,37.54576841,126.8897255
1193,올림픽대로 일반국도1호선램프,37.54787975,126.8886539
1194,올림픽대로 일반국도1호선램프,37.5446977,126.8897875
1195,올림픽대로 일반국도6호선램프,37.54407877,126.8906402
1196,여의하류IC,37.53123985,126.9113467
1197,노들길 일반국도6호선램프,37.53853786,126.9002426
1198,노들길 선유로램프,37.53768965,126.9007945
1199,노들길 일반국도6호선램프,37.53736446,126.8996274
1200,올림픽대로 여의동로램프,37.5232713,126.9160877
1201,서부간선도로 일반국도6호선램프,37.54627836,126.8860807
1202,서부간선도로 일반국도6호선램프,37.54383339,126.8872238
1203,서부간선도로 양평로램프,37.53998714,126.8880629
1204,올림픽대로 노들길램프,37.53498344,126.9056334
1205,올림픽대로 일반국도1호선램프,37.54568023,126.8889028
1206,서부간선도로 일반국도6호선램프,37.54502475,126.8885517
1207,올림픽대로 일반국도6호선램프,37.54534404,126.8879236
1208,서부간선도로 일반국도6호선램프,37.54568159,126.8875119
1209,서부간선도로 일반국도6호선램프,37.54588427,126.887113
1210,서부간선도로 일반국도6호선램프,37.54649255,126.8878275
1211,올림픽대로 노들길램프,37.5293928,126.9099594
1212,올림픽대로 노들길램프,37.52910666,126.9094681
1213,올림픽대로 노들길램프,37.529801,126.9093889
1214,올림픽대로 노들길램프,37.52983281,126.9098342
1215,노들길 일반국도6호선램프,37.53992789,126.8977155
1216,노들길 일반국도6호선램프,37.53974667,126.8976603
1217,노들길 선유로램프,37.54062388,126.8965042
1218,올림픽대로 노들길램프,37.53197408,126.9080452
1219,올림픽대로 노들길램프,37.5328699,126.9073616
1220,여의상류IC,37.51765646,126.9364919
1221,노들길 선유로램프,37.53898409,126.8979727
1222,여의하류IC,37.52884634,126.9125859
1223,올림픽대로 일반국도6호선램프,37.54342073,126.8918804
1224,여의상류IC,37.51904331,126.9408645
1225,노들길 일반국도6호선램프,37.53689202,126.9019631
1226,노들길 선유로램프,37.53640386,126.9021946
1227,노들길 선유로램프,37.5370554,126.9006277
1228,인천국제공항고속도로 개화동로,37.57201581,126.8037317
1229,인천국제공항고속도로 개화동로,37.5732518,126.8033288
1230,올림픽대로 허준길램프,37.56128482,126.8659295
1231,올림픽대로 정곡길램프,37.58492235,126.8195414
1232,올림픽대로 허준길램프,37.55891103,126.865164
1233,가양IC,37.57373642,126.8436364
1234,올림픽대로 안양천길램프,37.55025785,126.8780684
1235,올림픽대로 안양천길램프,37.55283526,126.8761867
1236,가양IC,37.57369542,126.8433221
1237,신월IC,37.52719873,126.8339947
1238,신월IC,37.52383589,126.8360304
1239,신월IC,37.52602376,126.8346647
1240,신월IC,37.52487941,126.8353672
1241,신월IC,37.52581739,126.8373874
1242,신월IC,37.52610139,126.8371808
1243,신월IC,37.52611507,126.8344635
1244,신월IC,37.52378706,126.8359093
1245,신월IC,37.52508729,126.8350828
1246,신월IC,37.52713225,126.8338834
1247,서부간선도로 철산로램프,37.4532722,126.892401
1248,서부간선도로 독산역길,37.46547332,126.8855331
1249,서부간선도로 철산로램프,37.45691455,126.8903706
1250,서부간선도로 철산로램프,37.45331429,126.8925259
1251,서부간선도로 철산로램프,37.45468717,126.891281
1252,서부간선도로 일반국도4호선램프,37.49927436,126.8719838
1253,서부간선도로 한천길램프,37.51498185,126.8819057
1254,서부간선도로 유통상가,37.50519078,126.8746781
1255,올림픽대로 고덕동길램프,37.55482969,127.1239331
1256,올림픽대로 상암길램프,37.55168627,127.1239335
1257,송파IC,37.47260351,127.1268048
1258,올림픽대로 강동대로램프,37.5280556,127.1100622
1259,올림픽대로 일반국도43호선램프,37.54034544,127.119719
1260,올림픽대로 가람길램프,37.5186355,127.0952061
1261,올림픽대로 백제고분로,37.51663151,127.0773929
1262,올림픽대로 강동대로램프,37.52859641,127.1098954
1263,올림픽대로 일반국도3호선램프,37.52243143,127.1013731
1264,송파IC,37.4707227,127.129617
1265,올림픽대로 일반국도3호선램프,37.51600253,127.098026
1266,올림픽대로 봉은사로북,37.51802813,127.0653697
1267,용인서울고속국도 헌릉,37.4641764,127.0923066
1268,수서IC,37.49211997,127.0948837
1269,수서IC,37.49217469,127.0944827
1270,동부간선도로 봉은사로,37.51543219,127.0665873
1271,올림픽대로 테헤란로북,37.51660446,127.0662259
1272,올림픽대로 동작대로램프,37.50579675,126.980665
1273,올림픽대로 동작대로램프,37.50571321,126.9803548
1274,올림픽대로 동작대로램프,37.50443846,126.9826301
1275,올림픽대로 잠원로램프,37.52065633,127.0136042
1276,용인서울고속국도 헌릉,37.46187398,127.0854634
1277,한남IC,37.52529943,127.0145781
1278,한남IC,37.52080862,127.0158356
1279,올림픽대로 반포로램프,37.51014015,126.9985814
1280,강변북로 난지로램프,37.56809384,126.8776789
1281,강변북로 난지로램프,37.5669208,126.8797079
1282,강변북로 토정길램프,37.54493226,126.9256413
1283,강변북로 와우산길램프,37.54448648,126.9234733
1284,강변북로 동부로램프,37.55139141,126.9029087
1285,강변북로 일반국도6호선,37.54734862,126.9088703
1286,강변북로 토정길램프,37.54466395,126.9258368
1287,강변북로 일반국도1호선,37.56025326,126.8960314
1288,강변북로 일반국도6호선,37.5465361,126.9080679
1289,강변북로 일반국도6호선,37.54659774,126.9079539
1290,강변북로 내부순환로램프,37.56210548,126.8987171
1291,강변북로 구룡로램프,37.57339628,126.8685044
1292,강변북로 일반국도1호선,37.55862955,126.8950002
1293,강변북로 일반국도1호선,37.55818353,126.894887
1294,강변북로 증산로램프,37.56439405,126.8904942
1295,강변북로 증산로램프,37.56271467,126.8869825
1296,강변북로 일반국도46호선,37.53848256,126.9444366
1297,강변북로 내부순환로램,37.56030585,126.8911412
1298,강변북로 증산로램프,37.56118134,126.889634
1299,강변북로 일반국도46호선,37.53654962,126.9411346
1300,강변북로 일반국도6호선,37.54727985,126.9089758
1301,강변북로 일반국도1호선,37.56007984,126.89624
1302,강변북로 구룡로램프,37.57658616,126.8668104
1303,강변북로 일반국도46호선,37.53742802,126.9426177
1304,강변북로 구룡로램프,37.57348621,126.8641238
1305,강변북로 일반국도46호선,37.53856597,126.9443502
1306,강변북로 대흥로램프,37.54223051,126.9368231
1307,강변북로 증산로램프,37.56024454,126.8907801
1308,강변북로 신촌로램프,37.54318013,126.9302653
1309,강변북로 일반국도46호선,37.53619821,126.9435655
1310,강변북로 일반국도46호선,37.53646874,126.941225
1311,강변북로 일반국도46호선,37.53546527,126.9421112
1312,강변북로 일반국도46호선,37.53772507,126.9419189
1313,강변북로 일반국도46호선,37.53689434,126.9425046
1314,강변북로 희우정길램프,37.54895416,126.905508
1315,강변북로 희우정길램프,37.54699219,126.9073251
1316,강변북로 일반국도6호선,37.54885461,126.9048603
1317,강변북로 일반국도6호선,37.54760718,126.9079629
1318,강변북로 희우정길램프,37.54861046,126.9082219
1319,강변북로 대흥로램프,37.54149804,126.937915
1320,강변북로 일반국도46호선,37.53903333,126.9407358
1321,강변북로 신촌로램프,37.54402557,126.9246934
1322,강변북로 신촌로램프,37.54140355,126.9330608
1323,강변북로 신촌로램프,37.5439865,126.928311
1324,강변북로 일반국도46호선,37.53849093,126.9414194
1325,강변북로 일반국도46호선,37.53516106,126.943437
1326,강변북로 일반국도6호선,37.54618708,126.9083264
1327,강변북로 일반국도6호선,37.54390845,126.9105742
1328,강변북로 일반국도6호선,37.54666895,126.9091923
1329,강변북로 일반국도1호선,37.55786194,126.8934766
1330,내부순환로 일반국도1호선,37.56341777,126.9038798
1331,내부순환로 일반국도1호선,37.56477377,126.9083891
1332,강변북로 동부로램프,37.55076426,126.9029267
1333,강변북로 내부순환로램프,37.56176417,126.8978754
1334,강변북로 구룡로램프,37.57665736,126.8667081
1335,강변북로 난지로램프,37.56786502,126.8790646
1336,강변북로 일반국도46호선,37.53734285,126.9427013
1337,강변북로 일반국도1호선,37.55810451,126.8940421
1338,강변북로 일반국도1호선,37.55738215,126.8947849
1339,강변북로 일반국도1호선,37.559543,126.8944997
1340,강변북로 일반국도1호선,37.55732729,126.8959478
1341,강변북로 일반국도1호선,37.55586258,126.8963294
1342,강변북로 일반국도1호선,37.55523148,126.8963689
1343,강변북로 내부순환로램프,37.55496767,126.8972467
1344,강변북로 내부순환로램프,37.55195455,126.9007655
1345,강변북로 일반국도46호선,37.53908147,126.9395459
1346,강변북로 구룡로램프,37.57591874,126.8641076
1347,강변북로 구룡로램프,37.57484417,126.8655271
1348,강변북로 구룡로램프,37.57354081,126.8640065
1349,강변북로 구룡로램프,37.57240827,126.8697893
1350,강변북로 구룡로램프,37.57468222,126.8640677
1351,강변북로 구룡로램프,37.57429744,126.8673744
1352,강변북로 구룡로램프,37.57509653,126.8662979
1353,강변북로 구룡로램프,37.57400014,126.8653915
1354,강변북로 증산로램프,37.56276471,126.8887405
1355,강변북로 증산로램프,37.56192688,126.8878955
1356,강변북로 증산로램프,37.56298607,126.8898104
1357,강변북로 일반국도46호선,37.53998015,126.9387855
1358,강변북로 일반국도6호선,37.54667181,126.9102416
1359,강변북로 일반국도6호선,37.54855262,126.911127
1360,강변북로 망원동길램프,37.55500464,126.8964153
1361,강변북로 희우정길램프,37.54856,126.9091383
1362,강변북로 일반국도6호선,37.54542994,126.9106611
1363,강변북로 와우산길램프,37.54409625,126.9223471
1364,내부순환로 연희로램프,37.58593553,126.935466
1365,홍은IC,37.59517432,126.9498022
1366,내부순환로 모래내길램프,37.56953119,126.9177751
1367,내부순환로 홍제천변길,37.56988853,126.9197277
1368,내부순환로 연희로램프,37.58989197,126.9382053
1369,내부순환로 연희로램프,37.58592543,126.9353306
1370,내부순환로 연희로램프,37.5898014,126.9382796
1371,내부순환로 홍제천변길,37.57334965,126.9236497
1372,홍은IC,37.59327756,126.9454038
1373,홍은IC,37.59629102,126.9537355
1374,내부순환로 모래내길램프,37.57161138,126.921233
1375,홍은IC,37.59453144,126.9483411
1376,강변북로 일반국도47호선,37.53234858,127.0584975
1377,강변북로 일반국도47호선,37.53559223,127.0603106
1378,강변북로 일반국도47호선,37.53398766,127.0594147
1379,강변북로 일반국도47호선,37.53407993,127.0593174
1380,강변북로 일반국도47호선,37.53238703,127.0583703
1381,동부간선도로 강변북로,37.53014891,127.0661781
1382,동부간선도로 강변북로,37.52950997,127.0659058
1383,강변북로 잠실철교로램프,37.53467373,127.0953191
1384,강변북로 테크노마트길,37.53311445,127.0943986
1385,강변북로 광나룻길램프,37.53766541,127.1002041
1386,동부간선도로 강변북로,37.53235123,127.0639293
1387,강변북로 구천면길램프,37.54550568,127.1109967
1388,강변북로 구천면길램프,37.54836257,127.1105055
1389,강변북로 구천면길램프,37.546211,127.1087471
1390,강변북로 구천면길램프,37.54635525,127.1078954
1391,강변북로 일반국도3호선,37.52759659,127.0891964
1392,강변북로 일반국도3호선,37.52892297,127.0892801
1393,강변북로 일반국도3호선,37.53007212,127.0909731
1394,강변북로 일반국도3호선,37.52919165,127.0899106
1395,강변북로 일반국도43호선,37.54370803,127.1072222
1396,강변북로 일반국도43호선,37.54208604,127.1050981
1397,강변북로 광나룻길램프,37.53655983,127.1013319
1398,강변북로 일반국도3호선,37.52756806,127.0835684
1399,강변북로 일반국도3호선,37.52819426,127.0877714
1400,강변북로 일반국도3호선,37.52863468,127.0882359
1401,강변북로 일반국도3호선,37.52869576,127.0883481
1402,강변북로 일반국도43호선,37.54465347,127.1058207
1403,강변북로 일반국도43호선,37.5411535,127.1043164
1404,동부간선도로 강변북로,37.53010634,127.0717091
1405,강변북로 구천면길램프,37.54437386,127.1076198
1406,강변북로 일반국도43호선,37.5437102,127.1090854
1407,동부간선도로 천호대로,37.55942174,127.0737615
1408,동부간선도로 천호대로,37.56275152,127.0750804
1409,동부간선도로 강변북로,37.53040093,127.0659084
1410,동부간선도로 강변북로,37.52965056,127.065804
1411,강변북로 일반국도3호선,37.52750914,127.0891044
1412,강변북로 일반국도3호선,37.53033017,127.0869263
1413,강변북로 일반국도43호선,37.5441522,127.1079526
1414,강변북로 일반국도47호선,37.53293504,127.0609156
1415,동부간선도로 천호대로,37.56137259,127.0742794
1416,강변북로 일반국도3호선,37.52743137,127.0813128
1417,강변북로램프,37.53354403,127.0951546
1418,강변북로 테크노마트길,37.53390559,127.0949439
1419,강변북로 테크노마트길,37.53496926,127.095153
1420,강변북로 광나룻길램프,37.53729319,127.0991223
1421,동부간선도로 강변북로,37.53197676,127.0639049
1422,강변북로 구천면길램프,37.54842743,127.1106861
1423,강변북로 광나룻길램프,37.54043419,127.1034847
1424,강변북로 광나룻길램프,37.53953588,127.1022753
1425,강변북로 일반국도3호선,37.52786702,127.0864431
1426,강변북로 일반국도43호선,37.54295418,127.1058479
1427,강변북로 일반국도43호선,37.54318033,127.1069755
1428,강변북로 광나룻길램프,37.53843525,127.1004297
1429,강변북로 광나룻길램프,37.53709901,127.0985943
1430,강변북로 광나룻길램프,37.53621617,127.0983952
1431,강변북로 일반국도3호선,37.52895584,127.0867441
1432,강변북로 일반국도3호선,37.52762784,127.08625
1433,강변북로 일반국도3호선,37.52978132,127.0887155
1434,강변북로 일반국도3호선,37.5300947,127.0879667
1435,강변북로 잠실철교로램,37.53406681,127.0957258
1436,강변북로 잠실철교로램,37.53483147,127.0945661
1437,동부간선도로 천호대로,37.56538495,127.0763089
1438,강변북로 광나룻길램프,37.53645124,127.101268
1439,강변북로램프,37.53585025,127.0971995
1440,강변북로램프,37.53559865,127.0969178
1441,강변북로램프,37.5355587,127.09763
1442,강변북로램프,37.53532098,127.0973472
1443,강변북로 일반국도47호선,37.53277542,127.062218
1444,강변북로 왕십리길램프,37.53758082,127.0448589
1445,강변북로 왕십리길램프,37.53810686,127.042712
1446,동부간선도로 천호대로,37.55583019,127.0668513
1447,동부간선도로 두무개길,37.54533104,127.0320337
1448,동부간선도로 강변북로,37.54405347,127.0314732
1449,동부간선도로 강변북로,37.54250555,127.0297848
1450,동부간선도로 강변북로,37.5465066,127.0343613
1451,내부순환로 동부간선도로,37.55202086,127.0442984
1452,강변북로 뚝섬길램프,37.53863102,127.0411526
1453,강변북로 전차2길램프,37.53470103,127.0552193
1454,강변북로 일반국도47호선,37.53418817,127.0564556
1455,강변북로 응봉로램프,37.53964081,127.0368534
1456,강변북로 응봉로램프,37.53842946,127.0411071
1457,강변북로 응봉로램프,37.53914912,127.0353856
1458,강변북로 응봉로램프,37.5391797,127.0352537
1459,강변북로 응봉로램프,37.54144593,127.0339244
1460,강변북로 응봉로램프,37.5407132,127.033777
1461,동부간선도로 천호대로,37.55699787,127.0705954
1462,동부간선도로 천호대로,37.55824385,127.0686918
1463,동부간선도로 장안독길,37.55982114,127.0699616
1464,내부순환로 사근동길램프,37.5647619,127.0476887
1465,내부순환로 사근동길램프,37.56692803,127.0465681
1466,내부순환로 사근동길램프,37.56311061,127.0492617
1467,내부순환로 사근동길램프,37.56199896,127.0496318
1468,동부간선도로 응봉로램프,37.54978969,127.0382876
1469,동부간선도로 응봉로램프,37.54572103,127.0366128
1470,동부간선도로 천호대로,37.55819154,127.0717272
1471,내부순환로 동부간선도로,37.55218919,127.0442591
1472,동부간선도로 천호대로,37.55464934,127.0681897
1473,강변북로 뚝섬길램프,37.53991002,127.0386117
1474,강변북로 뚝섬길램프,37.54033249,127.0387034
1475,동부간선도로 강변북로,37.54353146,127.0277035
1476,강변북로 뚝섬길램프,37.53716144,127.0457199
1477,강변북로 응봉로램프,37.54074944,127.0366205
1478,강변북로 응봉로램프,37.53939799,127.0389959
1479,강변북로 응봉로램프,37.54207233,127.0318063
1480,동부간선도로 강변북로,37.54074975,127.0344034
1481,동부간선도로 천호대로,37.55898952,127.0694914
1482,강변북로 전차2길램프,37.53451654,127.0574943
1483,동부간선도로 천호대로,37.5607114,127.0705442
1484,동부간선도로 천호대로,37.56067056,127.0701175
1485,강변북로 이촌동길램프,37.52998511,126.9523654
1486,강변북로 일반국도46호선,37.53407874,126.9439668
1487,강변북로 원효로램프,37.5345107,126.9443619
1488,강변북로 이촌동길램프,37.52191057,126.963989
1489,강변북로 이촌동길램프,37.52127441,126.9650541
1490,강변북로 이촌동길램프,37.52133309,126.9651681
1491,강변북로 동작대로램프,37.51633655,126.9811249
1492,강변북로 동작대로램프,37.51500808,126.982895
1493,강변북로 동작대로램프,37.51505728,126.9830471
1494,강변북로 한남로램프,37.52760521,127.0066657
1495,강변북로 이촌동길램프,37.51829787,126.9706835
1496,강변북로 용호로램프,37.52986315,126.9512077
1497,강변북로 한강로램프,37.52151751,126.9622367
1498,강변북로 반포로램프,37.51972997,126.9947002
1499,강변북로 반포로램프,37.51842016,126.9947046
1500,강변북로 반포로램프,37.52054677,126.9974787
1501,강변북로 용호로램프,37.52995407,126.9511342
1502,강변북로 반포로램프,37.51836624,126.9945846
1503,강변북로 이촌동길램프,37.51633308,126.9803344
1504,강변북로 이촌동길램프,37.52168663,126.9654117
1505,강변북로 사촌5길램프,37.52200966,126.9602236
1506,강변북로 사촌5길램프,37.52293454,126.9566359
1507,강변북로 원효로램프,37.53460026,126.9482712
1508,강변북로 동작대로램프,37.5162991,126.9861755
1509,강변북로 동작대로램프,37.51605199,126.9800257
1510,강변북로 이촌동길램프,37.52960325,126.9527707
1511,강변북로 이촌동길램프,37.52178647,126.9650398
1512,강변북로 용호로램프,37.53184185,126.9490557
1513,강변북로 용호로램프,37.52740656,126.9530055
1514,강변북로 한남로램프,37.53177323,127.0129306
1515,강변북로 반포로램프,37.51700946,126.9901088
1516,강변북로 용호로램프,37.53067497,126.9515851
1517,강변북로 한강로램프,37.52209643,126.9617114
1518,강변북로 한남로램프,37.52868672,127.0113874
1519,강변북로 한남로램프,37.52868746,127.0115363
1520,강변북로 두무개길램프,37.52051253,126.9966741
1521,강변북로 대건로램프,37.52696162,126.9534103
1522,강변북로 용호로램프,37.53105321,126.9511573
1523,강변북로 이촌동길램프,37.51926534,126.9674759
1524,강변북로 이촌동길램프,37.5199835,126.967049
1525,강변북로 대건로램프,37.52529347,126.9536309
1526,강변북로 원효로램프,37.534582,126.9459227
1527,강변북로 사촌5길램프,37.52206734,126.9584839
1528,강변북로 원효로램프,37.5336754,126.9455297
1529,신내IC,37.61805726,127.1033952
1530,신내IC,37.6173211,127.1034166
1531,신내IC,37.61514025,127.1049791
1532,북부간선도로 봉수1길램프,37.61705281,127.0938202
1533,동부간선도로 느티울1길,37.65038051,127.0554503
1534,동부간선도로 당현1길램프,37.64695162,127.0567693
1535,동부간선도로 철쭉길램프,37.67824639,127.0515642
1536,동부간선도로 늘푸른1길,37.66680243,127.0510368
1537,내부순환로 고암길램프,37.59567761,127.0404693
1538,동부간선도로 화랑로램프,37.61570059,127.069621
1539,동부간선도로 동1로램프,37.6854042,127.0554412
1540,북부간선도로 동부간선도로,37.62238384,127.0710746
1541,동부간선도로 월계로램프,37.63441881,127.0620262
1542,북부간선도로 동부간선도로,37.61964178,127.0701709
1543,북부간선도로 동부간선도로,37.61461368,127.0705959
1544,북부간선도로 동부간선도로,37.61504473,127.0678359
1545,동부간선도로 월계로램프,37.63233542,127.0623131
1546,동부간선도로 화랑로램프,37.61585936,127.0701121
1547,동부간선도로 월계로램프,37.63407323,127.0608073
1548,동부간선도로 동1로램프,37.68568516,127.0549372
1549,동부간선도로 월계로램프,37.63170563,127.0647329
1550,동부간선도로 월계로램프,37.63338611,127.0639826
1551,동부간선도로 월계로램프,37.63330134,127.064067
1552,동부간선도로 철쭉길램프,37.67770255,127.0513332
1553,동부간선도로 월계로램프,37.63224929,127.0623948
1554,북부간선도로 동부간선도로,37.61839862,127.0701804
1555,동부간선도로 당현1길램프,37.64770807,127.0565295
1556,동부간선도로 늘푸른1길,37.66700249,127.0508879
1557,북부간선도로 동부간선도로,37.61518455,127.0677678
1558,동부간선도로 느티울1길,37.64995177,127.0556013
1559,동부간선도로 월계로램프,37.62970522,127.0640541
1560,북부간선도로 동부간선도로,37.6197929,127.072
1561,북부간선도로 동부간선도로,37.62240099,127.0697899
1562,북부간선도로 화랑로램프,37.62158822,127.0872263
1563,북부간선도로 동부간선도로,37.6187365,127.072021
1564,동부간선도로 철쭉길램프,37.67807489,127.0520113
1565,동부간선도로 사가정길,37.58302648,127.0744478
1566,동부간선도로 사가정길,37.57746836,127.0769284
1567,동부간선도로 사가정길,37.58025591,127.0759984
1568,신내IC,37.61600028,127.1021357
1569,신내IC,37.61579424,127.1029937
1570,동부간선도로 일반국도6호선,37.59791761,127.0689601
1571,내부순환로 청계천로램프,37.57268828,127.0374008
1572,동부간선도로 일반국도6호선,37.59532667,127.0684432
1573,동부간선도로 천호대로,37.56693901,127.0749756
1574,동부간선도로 천호대로,37.56365748,127.072876
1575,내부순환로 청계천로램프,37.57619576,127.0344966
1576,동부간선도로 일반국도6호선,37.59341614,127.0690147
1577,동부간선도로 일반국도6호선,37.5898584,127.0697785
1578,동부간선도로 일반국도6호선,37.58578476,127.0721663
1579,동부간선도로 일반국도6호선,37.59192052,127.0685713
1580,동부간선도로 일반국도6호선,37.5921672,127.0690421
1581,동부간선도로 천호대로,37.56212038,127.0720004
1582,내부순환로 청계천로램프,37.57619273,127.0343608
1583,내부순환로 청계천로램프,37.5721367,127.0350512
1584,동부간선도로 일반국도6호선,37.59279592,127.0716607
1585,동부간선도로 일반국도6호선,37.59289796,127.0716158
1586,신내IC,37.61508274,127.1017032
1587,동부간선도로 일반국도6호선,37.59128149,127.0716432
1588,동부간선도로 일반국도6호선,37.5956163,127.070696
1589,동부간선도로 일반국도6호선,37.59015999,127.0719275
1590,신내IC,37.61629363,127.1025923
1591,북부간선도로 노원길램프,37.61754564,127.0923772
1592,신내IC,37.61495908,127.1051493
1593,동부간선도로 일반국도6호선,37.59767082,127.0707809
1594,북부간선도로 노원길램프,37.61762544,127.0924968
1595,신내IC,37.61627742,127.1006534
1596,신내IC,37.61650742,127.0983791
1597,동부간선도로 사가정길,37.58135548,127.0789398
1598,신내IC,37.61518518,127.101912
1599,신내IC,37.61623711,127.1027082
1600,동부간선도로 일반국도6호선,37.59404286,127.0709171
1601,북부간선도로 동부간선도로,37.61165017,127.0727137
1602,동부간선도로 일반국도6호선,37.5872298,127.0732412
1603,북부간선도로 동부간선도로,37.60870443,127.0725493
1604,북부간선도로 봉수1길램프,37.61740343,127.0928531
1605,동부간선도로 사가정길,37.58125407,127.0789869
1606,동부간선도로 사가정길,37.5782263,127.0787604
1607,동부간선도로 사가정길,37.58314171,127.0766717
1608,북부간선도로 동부간선도로,37.61354568,127.0725979
1609,내부순환로 정릉길램프,37.6065899,127.0068961
1610,북부간선도로 내부순환로,37.60265844,127.0342239
1611,내부순환로 정릉길램프,37.60402609,127.0261522
1612,내부순환로 정릉길램프,37.60423847,127.0303743
1613,내부순환로 정릉길램프,37.60651296,127.0068004
1614,북부간선도로 화랑로램프,37.60673782,127.049414
1615,북부간선도로 화랑로램프,37.60692479,127.0492765
1616,북부간선도로 화랑로램프,37.60486936,127.0456957
1617,내부순환로 정릉길램프,37.60988683,126.9961723
1618,내부순환로 정릉길램프,37.60902078,126.9986374
1619,북부간선도로 동부간선도로,37.61134873,127.0704252
1620,북부간선도로 내부순환로,37.60287363,127.0343649
1621,내부순환로 정릉길램프,37.60390206,127.0263759
1622,내부순환로 정릉길램프,37.60806454,127.0008136
1623,북부간선도로 화랑로램프,37.60495815,127.045618
1624,내부순환로 정릉길램프,37.60791251,127.0019216
1625,내부순환로 고암길램프,37.60030361,127.0404506
1626,내부순환로 월송길램프,37.59572448,127.0406221
1627,내부순환로 월송길램프,37.60065441,127.0407481
1628,강변북로 신촌로램프,37.54171605,126.9281726
1629,강변북로 신촌로램프,37.54175877,126.9280473
1630,강변북로 일반국도47호선,37.53478155,127.0597071
1631,강변북로 일반국도47호선,37.53473745,127.0598311
1632,강변북로 일반국도47호선,37.5326115,127.0614388
1633,동부간선도로 강변북로,37.53221138,127.0628711
1634,강변북로 일반국도47호선,37.53442998,127.0554656
1635,강변북로 일반국도3호선,37.52852276,127.0866791
1636,강변북로 일반국도3호선,37.53038577,127.0870427
1637,강변북로 일반국도3호선,37.52981775,127.0882212
1638,성산로 강변북로램프,37.56044843,126.8965663
1639,강변북로 일반국도1호선,37.55678144,126.8939007
1640,강변북로 내부순환로램프,37.55222838,126.9009571
1641,반도아파트,37.51643105,126.9822799
1642,왕궁아파트,37.51658169,126.9774762
1643,강변북로 동작대로램프,37.51674561,126.986854
1644,강변북로 반포로램프,37.51957764,126.9954158
1645,강변북로 반포로램프,37.52015057,126.9960944
1646,강변북로 반포로램프,37.52274077,127.0017511
1647,동부간선도로 강변북로,37.54354339,127.026215
1648,동부간선도로 강변북로,37.54493264,127.0323619
1649,강변북로 용호로램프,37.53064047,126.9524459
1650,강변북로 용호로램프,37.53040821,126.9525422
1651,양평로28길 서부간선도로,37.53986011,126.8895146
1652,올림픽대로 노들길램프,37.5369475,126.9030568
1653,올림픽대로 반포로램프,37.51018061,126.9986967
1654,올림픽대로램프,37.51085815,127.0010773
1655,올림픽대로 반포로램프,37.51031084,126.9996578
1656,한가람로 올림픽대로,37.52241897,127.1009147
1657,한가람로20길 올림픽대로,37.54071272,127.1183914
1658,서초구 동작구경계,37.50012908,126.9848228
1659,올림픽대로 노들길램프,37.51567458,126.935408
1660,올림픽대로 노들길램프,37.5155453,126.9378841
1661,올림픽대로 노들길램프,37.5167443,126.947093
1662,올림픽대로 노들길램프,37.51742562,126.9468924
1663,가양IC,37.57261303,126.8423495
1664,영동대로 올림픽대로,37.52329882,127.0553643
1665,올림픽대로 일반국도,37.54460768,127.1204349
1666,올림픽대로 노들길램프,37.5289851,126.9105037
1667,올림픽대로 강남대로,37.52292053,127.0165219
1668,올림픽대로램프,37.50835628,126.995412
1669,올림픽대로 반포로램프,37.50972007,126.9982337
1670,올림픽대로 동부간선도로,37.51650979,127.06659
1671,개화IC,37.59470168,126.79963
1672,개화IC,37.59250981,126.8025024
1673,개화IC,37.59392109,126.8013127
1674,개화IC,37.59387461,126.8009538
1675,개화IC,37.59281367,126.8025017
1676,개화IC,37.59315823,126.8030832
1677,김포공항IC,37.58319095,126.7881363
1678,토평IC,37.58241737,127.1578981
1679,북로JC,37.5916705,126.8313955
1680,고촌IC,37.58539786,126.7953238
1681,김포한강로램프,37.59574854,126.7988958
1682,상일IC,37.54566487,127.1809232
1683,아천IC,37.57109419,127.1302414
1684,소하JC,37.43764467,126.8952389
1685,소하JC,37.43737706,126.8952522
1686,소하JC,37.43713244,126.8957455
1687,소하JC,37.4396884,126.897134
1688,소하JC,37.44242011,126.8974875
1689,소하JC,37.4345522,126.8986231
1690,소하JC,37.43836282,126.9019417
1691,소하IC,37.43821697,126.9057278
1692,관악IC,37.4689511,126.9459136
1693,관악IC,37.46756112,126.9462137
1694,관악IC,37.46994233,126.9494009
1695,관악IC,37.46869879,126.9514112
1696,사당IC,37.46977284,126.9831269
1697,사당IC,37.4711235,126.9834792
1698,사당IC,37.47016707,126.984914
1699,사당IC,37.46913031,126.986573
1700,사당IC,37.46801973,126.986577
1701,사당IC,37.47037626,126.9882861
1702,목감지하차도,37.38222661,126.8632208
1703,목감지하차도,37.38840001,126.8661408
1704,위례1지하차도,37.47430381,127.1381902
1705,위례1지하차도,37.47399503,127.1458688
1706,독정교차로,36.92773951,127.2236526
1707,독정교차로,36.9258727,127.2282863
1708,국도34호선연결로입구,37.40522946,126.7874146
1709,국도34호선연결로입구,37.40535258,126.7940784
1710,진안교차로,37.22047722,127.0280482
1711,진안교차로,37.21694494,127.0293909
1712,진안교차로,37.21714082,127.0300298
1713,진안교차로,37.21404417,127.0301322
1714,진안교차로,37.21795546,127.0336732
1715,봉양교차로,37.86063542,127.057682
1716,봉양교차로,37.86043482,127.0594993
1717,봉양교차로,37.85805718,127.0608057
1718,광사교차로,37.78348136,127.0726682
1719,고암교차로,37.81649113,127.0728639
1720,고암교차로,37.8113225,127.0742128
1721,고읍교차로,37.8056313,127.0750864
1722,고암교차로,37.81577807,127.0751753
1723,고읍교차로,37.79977092,127.0754399
1724,고읍교차로,37.80221612,127.0755874
1725,광사교차로,37.78342295,127.0755754
1726,광사교차로,37.78320568,127.0757225
1727,광사교차로,37.78518307,127.0758543
1728,광사교차로,37.78126753,127.0760358
1729,광사교차로,37.78384152,127.0762425
1730,광사교차로,37.78625738,127.0762747
1731,광사교차로,37.78281485,127.0763024
1732,광사교차로,37.78370253,127.0766553
1733,광사교차로,37.78287424,127.0766966
1734,광사교차로,37.77913046,127.0767509
1735,광사교차로,37.78526763,127.0768078
1736,광사교차로,37.78118693,127.0771607
1737,광사교차로,37.78326101,127.0774684
1738,광사교차로,37.78348,127.0775097
1739,광사교차로,37.78366768,127.0799695
1740,장흥교차로,37.72939509,126.9765716
1741,장흥교차로,37.72694058,126.9788494
1742,장흥교차로,37.72821839,126.9807457
1743,도두교차로,36.95685197,126.9870102
1744,오성IC,37.01259015,126.9876288
1745,도두교차로,36.95340239,126.9899788
1746,도두교차로,36.95617591,126.9906263
1747,쌍동IC,37.37996388,127.2966053
1748,쌍동IC,37.37945497,127.2983205
1749,경기광주JC,37.38250547,127.3154908
1750,경기광주JC,37.38449732,127.3156791
1751,경기광주JC,37.37733818,127.3159436
1752,경기광주JC,37.37600193,127.3163676
1753,경기광주JC,37.37603472,127.3168157
1754,경기광주JC,37.37246766,127.3185415
1755,초월IC,37.37180577,127.3203462
1756,초월IC,37.37453927,127.3273821
1757,동곤지암IC,37.38107798,127.3980403
1758,동곤지암IC,37.38256925,127.4017455
1759,동곤지암IC,37.38060395,127.403391
1760,흥천이포IC,37.37826406,127.5130384
1761,흥천이포IC,37.37677715,127.5163078
1762,흥천이포IC,37.37820667,127.5197473
1763,대신IC,37.38505733,127.5789449
1764,대신IC,37.3829143,127.5811311
1765,대신IC,37.38403425,127.5846431
1766,동여주IC,37.40031663,127.6707895
1767,동여주IC,37.39912171,127.672311
1768,동여주IC,37.39955195,127.6737877
1769,동여주IC,37.39993217,127.6772672
1770,동양평IC,37.39955964,127.7493387
1771,동양평IC,37.40119935,127.7520896
1772,동양평IC,37.39948023,127.7563947
1773,구성교차로,37.28923871,127.1497837
1774,흥덕교차로,37.2824334,127.0956998
1775,흥덕교차로,37.28297376,127.1015267
1776,흥덕교차로,37.28168661,127.0989246
1777,흥덕교차로,37.28441934,127.0991048
1778,금곡고가교차로,37.34650125,127.1039165
1779,구성교차로,37.28982078,127.1468416
1780,구성교차로,37.29148319,127.1491594
1781,구성교차로,37.28954583,127.1524818
1782,용인시민체육공원,37.24754567,127.1619114
1783,용인시민체육공원,37.24674527,127.1646523
1784,용인시민체육공원,37.24472079,127.1651054
1785,판교IC,37.39340396,127.1013906
1786,서안산IC,37.34329056,126.792031
1787,덕은3교차로,37.79654557,126.7838814
1788,서안산IC,37.34064874,126.7888741
1789,서안산IC,37.34460397,126.7905404
1790,임송IC,37.66525552,127.1533433
1791,임송IC,37.67114379,127.1563437
1792,상면교차로,37.78313766,127.3698157
1793,상면교차로,37.77120101,127.3830122
1794,양평교차로,37.49722537,127.5125347
1795,아차산로분기,37.57608162,127.1237517
1796,아차산로분기,37.57682193,127.1248032
1797,강변북로분기,37.5707472,127.1249272
1798,아천IC분기,37.5727807,127.1261618
1799,아천IC분기,37.57432131,127.1263596
1800,용마터널연결,37.57452345,127.1266701
1801,강변북로합류,37.5726059,127.1269187
1802,아천IC합류,37.57470296,127.1269461
1803,강변북로분기,37.57217353,127.1274461
1804,토평강변로연결,37.57273456,127.1277399
1805,아천IC합류,37.57450091,127.1289776
1806,대곶IC,37.64862166,126.6016
1807,대곶IC,37.64437176,126.6024018
1808,대곶IC,37.64972412,126.6041411
1809,검단양촌IC,37.60318634,126.6159175
1810,검단양촌IC,37.59890433,126.6197955
1811,검단양촌IC,37.60138858,126.619814
1812,남청라IC,37.51428013,126.6209742
1813,남청라IC,37.51656859,126.6209926
1814,북청라IC,37.56142882,126.6228935
1815,북청라IC,37.55651988,126.6230043
1816,남청라IC,37.51723073,126.624057
1817,북청라IC,37.55819407,126.6255011
1818,남청라IC,37.51289145,126.6265327
1819,서김포IC,37.6760032,126.6325878
1820,서김포IC,37.67391008,126.6334489
1821,서김포IC,37.67304211,126.6382773
1822,누산교차로,37.66711895,126.6497325
1823,누산육교,37.66795041,126.6465394
1824,누산교차로,37.66907404,126.6459745
1825,서별내IC,37.68053796,127.1091966
1826,서별내IC,37.68073923,127.1108644
1827,서별내IC,37.68046418,127.1127255
1828,광전교차로,37.68457907,127.1326746
1829,광전교차로,37.68672612,127.1335849
1830,은현IC,37.88334648,127.0357315
1831,은현IC,37.88181168,127.0390236
1832,은현IC,37.87908094,127.0394461
1833,남양평IC,37.48454898,127.4640028
1834,남양평IC,37.47933962,127.4685824
1835,남양평IC,37.48277276,127.4698995
1836,송도IC,37.40614719,126.6476904
1837,송도IC,37.40358703,126.6514887
1838,송도IC,37.40428832,126.6516289
1839,서인천IC,37.523527,126.6913619
1840,남구리IC,37.57584679,127.1353787
1841,신북IC,37.90686992,127.2218011
1842,신북IC,37.90677673,127.2212026
1843,천천IC,37.24779256,126.9502504
1844,천천IC,37.25222715,126.9496197
1845,중랑IC,37.61076388,127.1177748
1846,양노IC,37.23448847,126.8602202
1847,양노IC,37.23204749,126.8606321
1848,양노IC,37.23254814,126.8632089
1849,백학IC,37.23163069,126.8826357
1850,샘내IC,37.24153688,126.9340137
1851,천천IC,37.24903423,126.946519
1852,옥정IC,37.83572906,127.1079582
1853,중랑IC,37.61392691,127.1080872
1854,동의정부IC,37.72058289,127.109769
1855,동의정부IC,37.71603597,127.1098845
1856,중랑IC,37.61177128,127.1119634
1857,동의정부IC,37.72314409,127.1137394
1858,중랑IC,37.6144758,127.1136323
1859,중랑IC,37.60762845,127.1148446
1860,중랑IC,37.61094491,127.1149811
1861,중랑IC,37.61259609,127.1158768
1862,중랑IC,37.61093095,127.1183516
1863,중랑IC,37.61047728,127.1183634
1864,민락IC,37.74837282,127.119447
1865,민락IC,37.74545209,127.1212084
1866,민락IC,37.75082671,127.1218683
1867,중랑IC,37.63597185,127.127186
1868,소흘IC,37.79616722,127.1295147
1869,소흘IC,37.79583667,127.1316068
1870,소흘IC,37.80117993,127.1328492
1871,남구리IC,37.57878797,127.1346948
1872,남별내IC,37.67420937,127.1359262
1873,남별내IC,37.66871447,127.1365437
1874,남별내IC,37.67446694,127.1379853
1875,소흘JC,37.81259227,127.1386426
1876,소흘JC,37.81961124,127.1388044
1877,소흘JC,37.81698196,127.1426951
1878,남구리IC,37.57677795,127.1440652
1879,소흘JC,37.81777932,127.1492406
1880,선단IC,37.84496476,127.1670508
1881,선단IC,37.84752927,127.1693181
1882,선단IC,37.8470037,127.1732689
1883,포천IC,37.87928303,127.217503
1884,포천IC,37.88231918,127.2177399
1885,신북IC,37.91832798,127.2190592
1886,포천IC,37.88311911,127.2205239
1887,신북IC,37.90531425,127.2225115
1888,용인IC,37.26107268,127.211233
1889,이천IC,37.25638596,127.4861217
1890,이천IC,37.25405146,127.4880053
1891,고촌IC,37.58908869,126.7893456
1892,행주대교남단,37.58905806,126.7965844
1893,북오산IC,37.18968585,127.0502531
1894,북오산IC,37.18939147,127.0584636
1895,이천IC,37.25567582,127.4892845
1896,신부곡IC,37.33536294,126.9631185
1897,신부곡IC,37.33438933,126.9656701
1898,대원JC,37.42576939,127.1478892
1899,신양재IC,37.45728267,127.0463583
1900,신양재IC,37.4587755,127.0476636
1901,신양재IC,37.45477525,127.04818
1902,석수IC,37.42430564,126.9064023
1903,석수IC,37.42338749,126.9068575
1904,석수IC,37.4239462,126.9030122
1905,석수IC,37.42355859,126.9032126
1906,석수IC,37.42430852,126.9089926
1907,삼막IC,37.42542793,126.9117057
1908,삼막IC,37.42901423,126.913511
1909,삼막IC,37.42840207,126.9154457
1910,북의왕IC,37.40772313,126.984989
1911,북의왕IC,37.4075805,126.988741
1912,북의왕IC,37.40456925,126.9910516
1913,북청계IC,37.39973241,127.0017842
1914,금토동IC,37.40048331,127.0787594
1915,금토동IC,37.40162175,127.0820673
1916,금토동IC,37.4008913,127.0824309
1917,동판교IC,37.40996595,127.1033362
1918,동판교IC,37.41579504,127.1039888
1919,동판교IC,37.41210943,127.1050154
1920,동판교IC,37.41043296,127.1063117
1921,여수대로IC,37.42216142,127.1151632
1922,동시흥JC,37.3961644,126.8540587
1923,동시흥JC,37.39505815,126.8584435
1924,동시흥JC,37.3967589,126.8598529
1925,동시흥JC,37.38988745,126.8662105
1926,동시흥IC,37.39300657,126.8621862
1927,동시흥IC,37.39518332,126.8637338
1928,송내IC북측,37.49204271,126.7462161
1929,송내IC남측,37.48689634,126.7494024
1930,서운JC동측,37.52413481,126.7618995
1931,부천IC서측,37.52422718,126.7745901
1932,양강중학교앞,37.52329731,126.7763635
1933,부천IC,37.52420928,126.7770198
1934,부천IC,37.52508621,126.7776848
1935,부천IC동측,37.52404407,126.7803329
1936,계수교차로,37.46479045,126.8110448
1937,인천국제공항진입로,37.44413581,126.465004
1938,인천국제공항진출로,37.44116548,126.4708326
1939,인천국제공항공사진입,37.43999097,126.4649496
1940,운북IC,37.50513178,126.4894978
1941,용유IC,37.49767515,126.438247
1942,운북IC,37.5092765,126.4950889
1943,운서IC,37.49611918,126.4775562
1944,운서IC,37.49820355,126.470061
1945,화물터미널IC,37.49770209,126.4531982
1946,운서IC,37.50135317,126.4808734
1947,이천하이패스IC,37.28966387,127.3799767
1948,신둔하이패스IC,37.29581626,127.3719607
1949,신둔하이패스IC,37.29438959,127.3731098
1950,신둔하이패스IC진출,37.29365082,127.3763144
1951,신둔하이패스IC,37.29103606,127.3779245
1952,신둔하이패스IC진입,37.2930638,127.3782471
1953,제3국제업무단지IC,37.49015156,126.4144392
1954,제3국제업무단지IC,37.49196251,126.4145398
1955,제3국제업무단지IC,37.48379204,126.4200733
1956,제3국제업무단지IC,37.4951964,126.4241549
1957,용유IC,37.49663722,126.4427119
1958,화물터미널IC,37.49695427,126.4466292
1959,화물터미널IC,37.49541227,126.4503706
1960,인천국제공항진입로분,37.44223798,126.4660122
1961,운서IC,37.49839228,126.477145
1962,운북IC,37.50709717,126.4966917
1963,영종IC,37.46638905,126.506175
1964,덕소교진입,37.59107659,127.2009122
1965,고가아래진입,37.59034683,127.2020414
1966,덕소로진입,37.58959533,127.2029579
1967,우회전진입,37.58923775,127.2038996
1968,우회전합류,37.58934037,127.2041031
1969,두포1교진입진출,37.90547299,126.8252877
1970,율곡3교IC,37.88971851,126.8156146
1971,두포1교진입진출,37.90404439,126.8244398
1972,율곡3교IC,37.88803004,126.8107968
1973,금토분기점,37.41784657,127.0824491
1974,금토분기점,37.41398522,127.0838472
1975,북부간선도로IC,37.61758354,127.1480172
1976,북부간선도로IC,37.61834756,127.1494798
1977,북부간선도로IC,37.61695431,127.1502121
1978,북부간선도로IC,37.618062,127.1536337
1979,북부간선도로IC,37.6172885,127.1546048
1980,북부간선도로IC,37.61849997,127.1546413
1981,북부간선도로IC,37.6180747,127.1556866
1982,호법JC,37.23457209,127.4352888
1983,군포IC,37.32416357,126.922997
1984,군포IC진출,37.31619405,126.9145816
1985,기흥동탄IC진입,37.22262316,127.0895922
1986,군산IC진출,37.50842581,126.5259139
1987,금산IC,37.50906003,126.5181499
1988,금산IC,37.5151049,126.518155
1989,금산IC,37.51172514,126.5232914
1990,금산IC진입,37.51038364,126.5250662
1991,금산IC,37.51268461,126.5274933
1992,금산IC,37.51418363,126.5311287
1993,군포IC진입,37.31876183,126.9154786
1994,군포IC진출,37.3219883,126.916772
1995,군포IC접속부,37.32066626,126.9185574
1996,기흥동탄IC,37.21838739,127.0856433
1997,호법JC,37.23807196,127.4225029
1998,호법JC,37.23815718,127.423971
1999,호법JC,37.23691877,127.4254431
2000,호법JC,37.23550007,127.4274097
2001,호법JC,37.23418771,127.4297747
2002,호법JC,37.23479544,127.4306333
2003,남이천IC,37.1820313,127.4412867
2004,남이천IC,37.18747652,127.4415304
2005,남이천IC,37.18411458,127.4436557
2006,남이천IC,37.1837149,127.4437489
2007,송산IC,37.69518,126.708161
2008,마성IC접속도로,37.2884286,127.1804882
2009,마성IC접속도로,37.28204185,127.1826297
2010,마성IC접속도로,37.28895131,127.1827096
2011,마성IC접속도로,37.28826088,127.1828942
2012,마성IC접속도로,37.28090471,127.1829469
2013,마성IC접속도로,37.2894405,127.1832599
2014,마성IC접속도로,37.28892409,127.1833856
2015,마성IC접속도로,37.28186507,127.1838293
2016,마성IC접속도로,37.2888805,127.184454
2017,마성IC접속도로,37.28178096,127.1844509
2018,마성IC접속도로,37.28202958,127.1845552
2019,마성IC접속도로,37.28236699,127.1848009
2020,마성IC접속도로,37.28194861,127.1852181
2021,마성IC접속도로,37.28225969,127.1859349
2022,판교IC,37.39500592,127.1015051
2023,송추IC,37.71311562,126.9709536
2024,송추IC,37.71104666,126.9732247
2025,송추IC,37.71562673,126.9779315
2026,송추IC,37.70911089,126.9713148
2027,송추IC,37.70970105,126.9712392
2028,송추IC,37.71167906,126.9710498
2029,통일로IC,37.6736354,126.8904983
2030,강일IC,37.57116059,127.1605413
2031,올림픽대로 고덕동길램프,37.55708236,127.125719
2032,강일IC,37.57143596,127.16065
2033,올림픽대로 고덕동길램프,37.55965045,127.1269478
2034,암사IC,37.56742919,127.1334169
2035,암사IC,37.56575071,127.1348656
2036,암사IC,37.56316306,127.1374598
2037,송추IC,37.71145539,126.9736642
2038,암사IC,37.56336695,127.1309683
2039,암사IC,37.5637979,127.1311901
2040,암사IC,37.56382689,127.1320968
2041,암사IC,37.56606527,127.1329986
2042,암사IC,37.56485493,127.1339706
2043,암사IC,37.56645956,127.1363503
2044,암사IC,37.56514146,127.1365972
2045,암사IC,37.56698677,127.1394522
2046,수원신갈IC진입로,37.26747614,127.102282
2047,수원신갈IC,37.26189251,127.1038332
2048,기흥IC,37.22429006,127.1026238
2049,신갈JC,37.28444012,127.1037171
2050,수원신갈IC진출로,37.2705148,127.0999415
2051,수원신갈IC진출로,37.26806509,127.1022538
2052,수원신갈IC진출로,37.26805852,127.1026418
2053,수원신갈IC,37.26491546,127.1026913
2054,수원신갈IC,37.26583849,127.1038017
2055,수원신갈IC,37.25953076,127.103848
2056,북부간선도로IC,37.61752376,127.1603303
2057,북부간선도로IC,37.6164678,127.1630272
2058,북부간선도로IC,37.61700066,127.1634107
2059,북부간선도로IC,37.61595114,127.166767
2060,양감IC,37.09822614,126.9923466
2061,양감IC,37.09630905,126.9936749
2062,양감IC,37.10045318,126.9953762
2063,양감IC,37.09797876,126.9960595
2064,대왕판교IC,37.41062705,127.0897586
2065,한강시네폴리스IC,37.63355927,126.7316502
2066,한강시네폴리스IC,37.6350446,126.7360145
2067,수원신갈IC,37.2680605,127.1033103