no,station_cd,station_nm,line_num,line_name,fr_code,xpoint_wgs,ypoint_wgs
1,11111,관악산(서울대),SL,신림선,,126.9453551,37.46866051
2,,당곡,SL,신림선,,126.9275294,37.49027295
3,,대방,SL,신림선,,126.9266504,37.51278401
4,,보라매,SL,신림선,,126.9206855,37.50099061
5,,보라매공원,SL,신림선,,126.9181179,37.4959198
6,,보라매병원,SL,신림선,,126.9247823,37.49280424
7,,샛강,SL,신림선,,126.9295308,37.51741586
8,,서울지방병무청,SL,신림선,,126.9220299,37.50435405
9,,서원,SL,신림선,,126.9334258,37.47807033
10,,신림,SL,신림선,,126.9297841,37.48417174
11,,서울대벤처타운,SL,신림선,,126.9338169,37.47214706
12,1916,소요산,1,1호선,100,127.061034,37.9481
13,1915,동두천,1,1호선,101,127.05479,37.927878
14,1914,보산,1,1호선,102,127.057277,37.913702
15,1913,동두천중앙,1,1호선,103,127.056482,37.901885
16,1912,지행,1,1호선,104,127.055716,37.892334
17,1911,덕정,1,1호선,105,127.061277,37.843188
18,1910,덕계,1,1호선,106,127.056486,37.818486
19,1909,양주,1,1호선,107,127.044708,37.774381
20,1908,녹양,1,1호선,108,127.042292,37.75938
21,1907,가능,1,1호선,109,127.044213,37.748577
22,1906,의정부,1,1호선,110,127.045958,37.738415
23,1905,회룡,1,1호선,111,127.046895,37.724846
24,1904,망월사,1,1호선,112,127.047455,37.709914
25,1903,도봉산,1,1호선,113,127.046222,37.689313
26,1902,도봉,1,1호선,114,127.045595,37.679563
27,1901,방학,1,1호선,115,127.044273,37.667503
28,1022,창동,1,1호선,116,127.047731,37.653166
29,1021,녹천,1,1호선,117,127.051269,37.644799
30,1020,월계,1,1호선,118,127.058831,37.633212
31,1019,광운대,1,1호선,119,127.061835,37.623632
32,1018,석계,1,1호선,120,127.065851,37.614805
33,1017,신이문,1,1호선,121,127.067325,37.601854
34,1016,외대앞,1,1호선,122,127.063549,37.596073
35,1015,회기,1,1호선,123,127.057583,37.58946
36,158,청량리,1,1호선,124,127.046835,37.580178
37,157,제기동,1,1호선,125,127.034893,37.578103
38,156,신설동,1,1호선,126,127.025087,37.575297
39,159,동묘앞,1,1호선,127,127.016429,37.572627
40,155,동대문,1,1호선,128,127.009745,37.57142
41,154,종로5가,1,1호선,129,127.001849,37.570926
42,153,종로3가,1,1호선,130,126.991806,37.571607
43,152,종각,1,1호선,131,126.982923,37.570161
44,151,시청,1,1호선,132,126.977108,37.564718
45,150,서울,1,1호선,133,126.972559,37.554648
46,1002,남영,1,1호선,134,126.9713,37.541021
47,1003,용산,1,1호선,135,126.964561,37.529849
48,1004,노량진,1,1호선,136,126.942454,37.514219
49,1005,대방,1,1호선,137,126.926382,37.513342
50,1032,신길,1,1호선,138,126.917169,37.517122
51,1006,영등포,1,1호선,139,126.907628,37.515504
52,1007,신도림,1,1호선,140,126.891295,37.508725
53,1701,구로,1,1호선,141,126.881966,37.503039
54,1813,구일,1,1호선,142,126.870793,37.496756
55,1801,개봉,1,1호선,143,126.85868,37.494594
56,1802,오류동,1,1호선,144,126.845365,37.494526
57,1821,온수,1,1호선,145,126.823388,37.492258
58,1803,역곡,1,1호선,146,126.811502,37.485178
59,1814,소사,1,1호선,147,126.79544,37.482753
60,1804,부천,1,1호선,148,126.782686,37.48405
61,1822,중동,1,1호선,149,126.764843,37.486562
62,1805,송내,1,1호선,150,126.753664,37.4876
63,1815,부개,1,1호선,151,126.74109,37.488418
64,1806,부평,1,1호선,152,126.724805,37.489493
65,1807,백운,1,1호선,153,126.707704,37.483664
66,1808,동암,1,1호선,154,126.702896,37.471408
67,1816,간석,1,1호선,155,126.694181,37.464737
68,1809,주안,1,1호선,156,126.679923,37.464941
69,1823,도화,1,1호선,157,126.668672,37.46607
70,1810,제물포,1,1호선,158,126.656666,37.466769
71,1817,도원,1,1호선,159,126.642706,37.468446
72,1811,동인천,1,1호선,160,126.632802,37.475276
73,1812,인천,1,1호선,161,126.616936,37.476691
74,1917,마전(무정차),1,1호선,759,127.0502106,37.79274483
75,1702,가산디지털단지,1,1호선,P142,126.882343,37.481072
76,1714,독산,1,1호선,P143,126.8894976,37.46613895
77,1703,금천구청,1,1호선,P144,126.8940137,37.45584938
78,1750,광명,1,1호선,P144-1,126.8847675,37.4166498
79,1704,석수,1,1호선,P145,126.9021794,37.43529729
80,1705,관악,1,1호선,P146,126.9084835,37.41961706
81,1706,안양,1,1호선,P147,126.9220711,37.40273572
82,1707,명학,1,1호선,P148,126.9353945,37.38512003
83,1708,금정,1,1호선,P149,126.9434573,37.37233077
84,1709,군포,1,1호선,P150,126.9485107,37.35346523
85,1729,당정,1,1호선,P151,126.9484038,37.34371844
86,1710,의왕,1,1호선,P152,126.9480832,37.32121106
87,1711,성균관대,1,1호선,P153,126.9716807,37.30025334
88,1712,화서,1,1호선,P154,126.9891223,37.28488505
89,1713,수원,1,1호선,P155,126.9998684,37.26597928
90,1715,세류,1,1호선,P156,127.0137778,37.24411314
91,1716,병점,1,1호선,P157,127.0332287,37.20685734
92,1749,서동탄,1,1호선,P157-1,127.0520115,37.19540059
93,1717,세마,1,1호선,P158,127.0434136,37.18711796
94,1718,오산대,1,1호선,P159,127.0630996,37.1694626
95,1719,오산,1,1호선,P160,127.0667332,37.14561932
96,1720,진위,1,1호선,P161,127.0623942,37.11004141
97,1721,송탄,1,1호선,P162,127.0543681,37.07551086
98,1722,서정리,1,1호선,P163,127.0529199,37.05719289
99,1723,지제,1,1호선,P164,127.0702387,37.01890577
100,1724,평택,1,1호선,P165,127.0853077,36.99078758
101,1725,성환,1,1호선,P166,127.1269773,36.91590192
102,1726,직산,1,1호선,P167,127.1439327,36.87061464
103,1727,두정,1,1호선,P168,127.1489343,36.83298478
104,1728,천안,1,1호선,P169,127.1462518,36.80941936
105,1401,봉명,1,1호선,P170,127.1355646,36.80119017
106,1402,쌍용(나사렛대),1,1호선,P171,127.1213505,36.79373046
107,1403,아산,1,1호선,P172,127.1046303,36.7921434
108,1404,탕정,1,1호선,P173,126.7671282,37.72540128
109,1405,배방,1,1호선,P174,127.0528612,36.77761941
110,1406,풍기,1,1호선,P175,128.5244215,36.87380461
111,1407,온양온천,1,1호선,P176,127.0031868,36.78049428
112,1408,신창,1,1호선,P177,126.951108,36.769502
113,201,시청,2,2호선,201,126.977108,37.564718
114,202,을지로입구,2,2호선,202,126.982618,37.566014
115,203,을지로3가,2,2호선,203,126.99191,37.566295
116,204,을지로4가,2,2호선,204,126.998079,37.566941
117,205,동대문역사문화공원,2,2호선,205,127.007896,37.565138
118,206,신당,2,2호선,206,127.01782,37.565972
119,207,상왕십리,2,2호선,207,127.029354,37.564354
120,208,왕십리,2,2호선,208,127.037732,37.561533
121,209,한양대,2,2호선,209,127.043655,37.555273
122,210,뚝섬,2,2호선,210,127.047367,37.547184
123,211,성수,2,2호선,211,127.055961,37.544581
124,244,용답,2,2호선,211-1,127.050899,37.561904
125,245,신답,2,2호선,211-2,127.046481,37.57004
126,250,용두,2,2호선,211-3,127.038091,37.574028
127,246,신설동,2,2호선,211-4,127.025087,37.575297
128,212,건대입구,2,2호선,212,127.07023,37.540693
129,213,구의,2,2호선,213,127.085916,37.537077
130,214,강변,2,2호선,214,127.094681,37.535095
131,215,잠실나루,2,2호선,215,127.10379,37.520733
132,216,잠실,2,2호선,216,127.102234,37.51395
133,217,잠실새내,2,2호선,217,127.086162,37.511687
134,218,종합운동장,2,2호선,218,127.073642,37.510997
135,219,삼성,2,2호선,219,127.06316,37.508844
136,220,선릉,2,2호선,220,127.049008,37.504503
137,221,역삼,2,2호선,221,127.036456,37.500622
138,222,강남,2,2호선,222,127.027926,37.497175
139,223,교대,2,2호선,223,127.01408,37.493415
140,224,서초,2,2호선,224,127.007917,37.491897
141,225,방배,2,2호선,225,126.997596,37.481426
142,226,사당,2,2호선,226,126.981685,37.47653
143,227,낙성대,2,2호선,227,126.963693,37.47693
144,228,서울대입구,2,2호선,228,126.952739,37.481247
145,229,봉천,2,2호선,229,126.941892,37.482362
146,230,신림,2,2호선,230,126.929715,37.484201
147,231,신대방,2,2호선,231,126.913149,37.487462
148,232,구로디지털단지,2,2호선,232,126.901401,37.485266
149,233,대림,2,2호선,233,126.895801,37.49297
150,234,신도림,2,2호선,234,126.891295,37.508725
151,247,도림천,2,2호선,234-1,126.882768,37.514287
152,248,양천구청,2,2호선,234-2,126.865819,37.512398
153,249,신정네거리,2,2호선,234-3,126.852912,37.520074
154,260,까치산,2,2호선,234-4,126.846683,37.531768
155,235,문래,2,2호선,235,126.89476,37.517933
156,236,영등포구청,2,2호선,236,126.895951,37.52497
157,237,당산,2,2호선,237,126.902281,37.53438
158,238,합정,2,2호선,238,126.913739,37.549463
159,239,홍대입구,2,2호선,239,126.925381,37.557192
160,240,신촌,2,2호선,240,126.936893,37.555134
161,241,이대,2,2호선,241,126.946013,37.556733
162,242,아현,2,2호선,242,126.956141,37.557345
163,243,충정로,2,2호선,243,126.963672,37.559973
164,1948,원흥,3,3호선,309,126.872642,37.650658
165,1958,대화,3,3호선,310,126.747569,37.676087
166,1957,주엽,3,3호선,311,126.761334,37.670072
167,1956,정발산,3,3호선,312,126.773359,37.659477
168,1955,마두,3,3호선,313,126.77762,37.652206
169,1954,백석,3,3호선,314,126.78787,37.643114
170,1953,대곡,3,3호선,315,126.811024,37.631626
171,1952,화정,3,3호선,316,126.83265,37.634592
172,1951,원당,3,3호선,317,126.843041,37.653324
173,1950,삼송,3,3호선,318,126.895558,37.653083
174,309,지축,3,3호선,319,126.913951,37.648048
175,310,구파발,3,3호선,320,126.918821,37.636763
176,311,연신내,3,3호선,321,126.921008,37.619001
177,312,불광,3,3호선,322,126.929887,37.610469
178,313,녹번,3,3호선,323,126.935756,37.600927
179,314,홍제,3,3호선,324,126.943736,37.589066
180,315,무악재,3,3호선,325,126.950291,37.582299
181,316,독립문,3,3호선,326,126.957748,37.574571
182,317,경복궁,3,3호선,327,126.97353,37.575762
183,318,안국,3,3호선,328,126.985443,37.576477
184,319,종로3가,3,3호선,329,126.991806,37.571607
185,320,을지로3가,3,3호선,330,126.99191,37.566295
186,321,충무로,3,3호선,331,126.99428,37.561243
187,322,동대입구,3,3호선,332,127.005602,37.559052
188,323,약수,3,3호선,333,127.010655,37.55434
189,324,금호,3,3호선,334,127.015872,37.548034
190,325,옥수,3,3호선,335,127.017965,37.540685
191,326,압구정,3,3호선,336,127.028461,37.527072
192,327,신사,3,3호선,337,127.020114,37.516334
193,328,잠원,3,3호선,338,127.01122,37.512759
194,329,고속터미널,3,3호선,339,127.004943,37.50481
195,330,교대,3,3호선,340,127.01408,37.493415
196,331,남부터미널,3,3호선,341,127.016189,37.485013
197,332,양재,3,3호선,342,127.034631,37.484147
198,333,매봉,3,3호선,343,127.046769,37.486947
199,334,도곡,3,3호선,344,127.055381,37.490858
200,335,대치,3,3호선,345,127.063642,37.494612
201,336,학여울,3,3호선,346,127.070594,37.496663
202,337,대청,3,3호선,347,127.079532,37.493514
203,338,일원,3,3호선,348,127.08439,37.483681
204,339,수서,3,3호선,349,127.10188,37.487371
205,340,가락시장,3,3호선,350,127.118234,37.492522
206,341,경찰병원,3,3호선,351,127.12454,37.495918
207,342,오금,3,3호선,352,127.128111,37.502162
208,409,당고개,4,4호선,409,127.079066,37.670272
209,410,상계,4,4호선,410,127.073572,37.660878
210,411,노원,4,4호선,411,127.061368,37.655128
211,412,창동,4,4호선,412,127.047731,37.653166
212,413,쌍문,4,4호선,413,127.034709,37.648627
213,414,수유,4,4호선,414,127.025732,37.638052
214,415,미아,4,4호선,415,127.025983,37.62667
215,416,미아사거리,4,4호선,416,127.030053,37.613292
216,417,길음,4,4호선,417,127.025053,37.603407
217,418,성신여대입구,4,4호선,418,127.016403,37.592624
218,419,한성대입구,4,4호선,419,127.006221,37.588458
219,420,혜화,4,4호선,420,127.001844,37.582336
220,421,동대문,4,4호선,421,127.009745,37.57142
221,422,동대문역사문화공원,4,4호선,422,127.007896,37.565138
222,423,충무로,4,4호선,423,126.99428,37.561243
223,424,명동,4,4호선,424,126.986325,37.560989
224,425,회현,4,4호선,425,126.978246,37.558514
225,426,서울,4,4호선,426,126.972559,37.554648
226,427,숙대입구,4,4호선,427,126.972106,37.54456
227,428,삼각지,4,4호선,428,126.97311,37.534777
228,429,신용산,4,4호선,429,126.967894,37.52917
229,430,이촌,4,4호선,430,126.974345,37.522272
230,431,동작,4,4호선,431,126.979306,37.502971
231,432,총신대입구(이수),4,4호선,432,126.981989,37.486263
232,433,사당,4,4호선,433,126.981685,37.47653
233,434,남태령,4,4호선,434,126.989134,37.463873
234,1450,선바위,4,4호선,435,127.002303,37.451673
235,1451,경마공원,4,4호선,436,127.007888,37.443885
236,1452,대공원,4,4호선,437,127.006523,37.435675
237,1453,과천,4,4호선,438,126.996568,37.433021
238,1454,정부과천청사,4,4호선,439,126.98978,37.426513
239,1455,인덕원,4,4호선,440,126.976715,37.401553
240,1456,평촌,4,4호선,441,126.963883,37.394287
241,1457,범계,4,4호선,442,126.950806,37.389793
242,1458,금정,4,4호선,443,126.943429,37.372221
243,1751,산본,4,4호선,444,126.933274,37.358101
244,1763,수리산,4,4호선,445,126.925365,37.349801
245,1752,대야미,4,4호선,446,126.917332,37.328467
246,1753,반월,4,4호선,447,126.903524,37.312212
247,1754,상록수,4,4호선,448,126.866489,37.302795
248,1755,한대앞,4,4호선,449,126.85344,37.309689
249,1756,중앙,4,4호선,450,126.838573,37.315941
250,1757,고잔,4,4호선,451,126.823249,37.316777
251,1758,초지,4,4호선,452,126.805913,37.320646
252,1759,안산,4,4호선,453,126.788532,37.327082
253,1760,신길온천,4,4호선,454,126.765844,37.338212
254,1761,정왕,4,4호선,455,126.742989,37.351735
255,1762,오이도,4,4호선,456,126.738714,37.362357
256,2511,방화,5,5호선,510,126.812741,37.577446
257,2512,개화산,5,5호선,511,126.806171,37.572399
258,2513,김포공항,5,5호선,512,126.801058,37.562434
259,2514,송정,5,5호선,513,126.811973,37.561184
260,2515,마곡,5,5호선,514,126.825448,37.560183
261,2516,발산,5,5호선,515,126.837668,37.558598
262,2517,우장산,5,5호선,516,126.836318,37.548768
263,2518,화곡,5,5호선,517,126.840461,37.541513
264,2519,까치산,5,5호선,518,126.846683,37.531768
265,2520,신정,5,5호선,519,126.856191,37.524997
266,2521,목동,5,5호선,520,126.864931,37.526065
267,2522,오목교,5,5호선,521,126.875181,37.524496
268,2523,양평,5,5호선,522,126.885778,37.525648
269,2524,영등포구청,5,5호선,523,126.895951,37.52497
270,2525,영등포시장,5,5호선,524,126.905139,37.522669
271,2526,신길,5,5호선,525,126.917169,37.517122
272,2527,여의도,5,5호선,526,126.924191,37.521624
273,2528,여의나루,5,5호선,527,126.932901,37.527098
274,2529,마포,5,5호선,528,126.945932,37.539574
275,2530,공덕,5,5호선,529,126.951592,37.544018
276,2531,애오개,5,5호선,530,126.95682,37.553736
277,2532,충정로,5,5호선,531,126.963672,37.559973
278,2533,서대문,5,5호선,532,126.966641,37.565773
279,2534,광화문,5,5호선,533,126.976669,37.571026
280,2535,종로3가,5,5호선,534,126.991806,37.571607
281,2536,을지로4가,5,5호선,535,126.998079,37.566941
282,2537,동대문역사문화공원,5,5호선,536,127.007896,37.565138
283,2538,청구,5,5호선,537,127.013828,37.560245
284,2539,신금호,5,5호선,538,127.020331,37.554548
285,2540,행당,5,5호선,539,127.029476,37.557322
286,2541,왕십리,5,5호선,540,127.037732,37.561533
287,2542,마장,5,5호선,541,127.042973,37.5661
288,2543,답십리,5,5호선,542,127.052704,37.566747
289,2544,장한평,5,5호선,543,127.064623,37.56144
290,2545,군자,5,5호선,544,127.079542,37.557121
291,2546,아차산,5,5호선,545,127.089761,37.551691
292,2547,광나루,5,5호선,546,127.10357,37.545303
293,2548,천호,5,5호선,547,127.123572,37.538397
294,2549,강동,5,5호선,548,127.132481,37.535804
295,2550,길동,5,5호선,549,127.140004,37.537801
296,2551,굽은다리,5,5호선,550,127.142853,37.545477
297,2552,명일,5,5호선,551,127.143999,37.55137
298,2553,고덕,5,5호선,552,127.154151,37.555004
299,2554,상일동,5,5호선,553,127.166417,37.556712
300,2555,둔촌동,5,5호선,P549,127.136248,37.527788
301,2556,올림픽공원,5,5호선,P550,127.130848,37.516078
302,2557,방이,5,5호선,P551,127.126133,37.508857
303,2558,오금,5,5호선,P552,127.128111,37.502162
304,2559,개롱,5,5호선,P553,127.13482,37.498079
305,2560,거여,5,5호선,P554,127.14415,37.493105
306,2561,마천,5,5호선,P555,127.152781,37.49499
307,2611,응암,6,6호선,610,126.915577,37.598605
308,2612,역촌,6,6호선,611,126.922744,37.606021
309,2613,불광,6,6호선,612,126.929887,37.610469
310,2614,독바위,6,6호선,613,126.933031,37.618456
311,2615,연신내,6,6호선,614,126.921008,37.619001
312,2616,구산,6,6호선,615,126.91727,37.611377
313,2617,새절,6,6호선,616,126.913629,37.591148
314,2618,증산,6,6호선,617,126.909645,37.583876
315,2619,디지털미디어시티,6,6호선,618,126.900984,37.576646
316,2620,월드컵경기장,6,6호선,619,126.899298,37.569532
317,2621,마포구청,6,6호선,620,126.903343,37.563515
318,2622,망원,6,6호선,621,126.910052,37.556094
319,2623,합정,6,6호선,622,126.913739,37.549463
320,2624,상수,6,6호선,623,126.922852,37.547716
321,2625,광흥창,6,6호선,624,126.931993,37.547456
322,2626,대흥,6,6호선,625,126.942069,37.547771
323,2627,공덕,6,6호선,626,126.951592,37.544018
324,2628,효창공원앞,6,6호선,627,126.961351,37.539261
325,2629,삼각지,6,6호선,628,126.97311,37.534777
326,2630,녹사평,6,6호선,629,126.986695,37.534675
327,2631,이태원,6,6호선,630,126.994302,37.534488
328,2632,한강진,6,6호선,631,127.001725,37.539631
329,2633,버티고개,6,6호선,632,127.007055,37.548013
330,2634,약수,6,6호선,633,127.010655,37.55434
331,2635,청구,6,6호선,634,127.013828,37.560245
332,2636,신당,6,6호선,635,127.01782,37.565972
333,2637,동묘앞,6,6호선,636,127.016429,37.572627
334,2638,창신,6,6호선,637,127.015241,37.579661
335,2639,보문,6,6호선,638,127.019381,37.585286
336,2640,안암,6,6호선,639,127.029005,37.586272
337,2641,고려대,6,6호선,640,127.036296,37.590508
338,2642,월곡,6,6호선,641,127.041518,37.601948
339,2643,상월곡,6,6호선,642,127.048491,37.606377
340,2644,돌곶이,6,6호선,643,127.056431,37.610537
341,2645,석계,6,6호선,644,127.065851,37.614805
342,2646,태릉입구,6,6호선,645,127.07512,37.617983
343,2647,화랑대,6,6호선,646,127.084689,37.620064
344,2648,봉화산,6,6호선,647,127.091401,37.617283
345,2711,장암,7,7호선,709,127.053196,37.700109
346,2712,도봉산,7,7호선,710,127.046222,37.689313
347,2713,수락산,7,7호선,711,127.055315,37.67785
348,2714,마들,7,7호선,712,127.057675,37.66494
349,2715,노원,7,7호선,713,127.061368,37.655128
350,2716,중계,7,7호선,714,127.064303,37.644583
351,2717,하계,7,7호선,715,127.06799,37.636352
352,2718,공릉,7,7호선,716,127.072896,37.625742
353,2719,태릉입구,7,7호선,717,127.07512,37.617983
354,2720,먹골,7,7호선,718,127.077725,37.610637
355,2721,중화,7,7호선,719,127.079264,37.602545
356,2722,상봉,7,7호선,720,127.085032,37.596362
357,2723,면목,7,7호선,721,127.087503,37.588579
358,2724,사가정,7,7호선,722,127.088478,37.580894
359,2725,용마산,7,7호선,723,127.086727,37.573647
360,2726,중곡,7,7호선,724,127.08432,37.565923
361,2727,군자,7,7호선,725,127.079542,37.557121
362,2728,어린이대공원,7,7호선,726,127.074658,37.548014
363,2729,건대입구,7,7호선,727,127.07023,37.540693
364,2730,뚝섬유원지,7,7호선,728,127.066704,37.53154
365,2731,청담,7,7호선,729,127.05335,37.519365
366,2732,강남구청,7,7호선,730,127.04128,37.517186
367,2733,학동,7,7호선,731,127.031656,37.514229
368,2734,논현,7,7호선,732,127.021415,37.511093
369,2735,반포,7,7호선,733,127.011727,37.508178
370,2736,고속터미널,7,7호선,734,127.004943,37.50481
371,2737,내방,7,7호선,735,126.993513,37.487618
372,2738,총신대입구(이수),7,7호선,736,126.981989,37.486263
373,2739,남성,7,7호선,737,126.971251,37.484596
374,2740,숭실대입구,7,7호선,738,126.953822,37.496029
375,2741,상도,7,7호선,739,126.94791,37.502834
376,2742,장승배기,7,7호선,740,126.93915,37.504898
377,2743,신대방삼거리,7,7호선,741,126.928276,37.499701
378,2744,보라매,7,7호선,742,126.920428,37.499872
379,2745,신풍,7,7호선,743,126.90993,37.50008
380,2746,대림,7,7호선,744,126.895801,37.49297
381,2747,남구로,7,7호선,745,126.887249,37.486056
382,2748,가산디지털단지,7,7호선,746,126.882343,37.481072
383,2749,철산,7,7호선,747,126.867911,37.47605
384,2750,광명사거리,7,7호선,748,126.854876,37.479252
385,2751,천왕,7,7호선,749,126.838713,37.486637
386,2752,온수,7,7호선,750,126.823388,37.492258
387,2753,까치울,7,7호선,751,126.810939,37.506207
388,2754,부천종합운동장,7,7호선,752,126.797337,37.50538
389,2755,춘의,7,7호선,753,126.787036,37.503663
390,2756,신중동,7,7호선,754,126.77596,37.503048
391,2757,부천시청,7,7호선,755,126.763538,37.504631
392,2758,상동,7,7호선,756,126.753083,37.505781
393,2759,삼산체육관,7,7호선,757,126.742153,37.506411
394,2760,굴포천,7,7호선,758,126.73128,37.506997
395,2761,부평구청,7,7호선,759,126.720548,37.508336
396,2811,암사,8,8호선,810,127.127562,37.55021
397,2812,천호,8,8호선,811,127.123572,37.538397
398,2813,강동구청,8,8호선,812,127.120508,37.530341
399,2814,몽촌토성,8,8호선,813,127.112359,37.517409
400,2815,잠실,8,8호선,814,127.102234,37.51395
401,2816,석촌,8,8호선,815,127.106979,37.505431
402,2817,송파,8,8호선,816,127.112183,37.499703
403,2818,가락시장,8,8호선,817,127.118234,37.492522
404,2819,문정,8,8호선,818,127.1225,37.485855
405,2820,장지,8,8호선,819,127.126191,37.478703
406,2821,복정,8,8호선,820,127.126662,37.470047
407,2822,산성,8,8호선,821,127.149908,37.457122
408,2823,남한산성입구,8,8호선,822,127.159816,37.451535
409,2824,단대오거리,8,8호선,823,127.156866,37.44521
410,2825,신흥,8,8호선,824,127.147564,37.440918
411,2826,수진,8,8호선,825,127.140722,37.437428
412,2827,모란,8,8호선,826,127.129087,37.43213
413,4101,개화,9,9호선,901,126.798153,37.578608
414,4102,김포공항,9,9호선,902,126.801058,37.562434
415,4103,공항시장,9,9호선,903,126.810678,37.563726
416,4104,신방화,9,9호선,904,126.816601,37.567532
417,4105,마곡나루,9,9호선,905,126.829497,37.567336
418,4106,양천향교,9,9호선,906,126.841333,37.568381
419,4107,가양,9,9호선,907,126.854456,37.561391
420,4108,증미,9,9호선,908,126.861939,37.557402
421,4109,등촌,9,9호선,909,126.865689,37.550632
422,4110,염창,9,9호선,910,126.874916,37.546936
423,4111,신목동,9,9호선,911,126.88308,37.544277
424,4112,선유도,9,9호선,912,126.893525,37.53802
425,4113,당산,9,9호선,913,126.902281,37.53438
426,4114,국회의사당,9,9호선,914,126.917874,37.528105
427,4115,여의도,9,9호선,915,126.924191,37.521624
428,4116,샛강,9,9호선,916,126.928422,37.517274
429,4117,노량진,9,9호선,917,126.942454,37.514219
430,4118,노들,9,9호선,918,126.953222,37.512887
431,4119,흑석,9,9호선,919,126.963708,37.50877
432,4120,동작,9,9호선,920,126.979306,37.502971
433,4121,구반포,9,9호선,921,126.987332,37.501364
434,4122,신반포,9,9호선,922,126.995925,37.503415
435,4123,고속터미널,9,9호선,923,127.004943,37.50481
436,4124,사평,9,9호선,924,127.015259,37.504206
437,4125,신논현,9,9호선,925,127.02506,37.504598
438,4126,언주,9,9호선,926,127.033868,37.507287
439,4127,선정릉,9,9호선,927,127.043593,37.51098
440,4128,삼성중앙,9,9호선,928,127.053282,37.513011
441,4129,봉은사,9,9호선,929,127.060245,37.514219
442,4130,종합운동장,9,9호선,930,127.073642,37.510997
443,1291,서울,A,공항철도,A01,126.972559,37.554648
444,1292,공덕,A,공항철도,A02,126.951592,37.544018
445,1293,홍대입구,A,공항철도,A03,126.925381,37.557192
446,1294,디지털미디어시티,A,공항철도,A04,126.900984,37.576646
447,4207,김포공항,A,공항철도,A05,126.801058,37.562434
448,4208,계양,A,공항철도,A06,126.735637,37.571462
449,4209,검암,A,공항철도,A07,126.673728,37.569104
450,4210,청라국제도시,A,공항철도,A071,126.625327,37.555878
451,4217,영종,A,공항철도,A072,126.5237,37.511466
452,4211,운서,A,공항철도,A08,126.49379,37.492904
453,4212,공항화물청사,A,공항철도,A09,126.476241,37.458366
454,4213,인천국제공항,A,공항철도,A10,126.452508,37.447464
455,1845,왕십리,B,분당선,K210,127.037732,37.561533
456,1847,서울숲,B,분당선,K211,127.044707,37.543617
457,1848,압구정로데오,B,분당선,K212,127.040534,37.527381
458,1849,강남구청,B,분당선,K213,127.04128,37.517186
459,1850,선정릉,B,분당선,K214,127.043593,37.51098
460,1023,선릉,B,분당선,K215,127.049008,37.504503
461,1025,도곡,B,분당선,K217,127.055381,37.490858
462,1030,수서,B,분당선,K221,127.10188,37.487371
463,1031,복정,B,분당선,K222,127.126662,37.470047
464,1851,가천대,B,분당선,K223,127.126697,37.448605
465,1852,태평,B,분당선,K224,127.127709,37.440019
466,1853,모란,B,분당선,K225,127.129087,37.43213
467,1854,야탑,B,분당선,K226,127.128715,37.411185
468,1860,이매,B,분당선,K227,127.12827,37.396104
469,1855,서현,B,분당선,K228,127.123592,37.385126
470,1856,수내,B,분당선,K229,127.114322,37.378455
471,1857,정자,B,분당선,K230,127.108105,37.36706
472,1858,미금,B,분당선,K231,127.10891,37.350077
473,1859,오리,B,분당선,K232,127.108942,37.339824
474,1862,죽전,B,분당선,K233,127.107395,37.324753
475,1861,보정,B,분당선,K234,127.108196,37.312752
476,1863,구성,B,분당선,K235,127.105664,37.298969
477,1864,신갈,B,분당선,K236,127.111313,37.286102
478,1865,기흥,B,분당선,K237,127.115936,37.275619
479,1866,상갈,B,분당선,K238,127.108847,37.26181
480,1867,청명,B,분당선,K239,127.078934,37.259489
481,1868,영통,B,분당선,K240,127.071394,37.251568
482,1869,망포,B,분당선,K241,127.057353,37.245795
483,1870,매탄권선,B,분당선,K242,127.040566,37.252759
484,1871,수원시청,B,분당선,K243,127.030736,37.261911
485,1872,매교,B,분당선,K244,127.015678,37.265481
486,1846,수원,B,분당선,K245,126.999874,37.265974
487,1024,한티,B,분당선,k216,127.052873,37.496237
488,1026,구룡,B,분당선,k218,127.058856,37.486839
489,1027,개포동,B,분당선,k219,127.06614,37.489116
490,1028,대모산입구,B,분당선,k220,127.07272,37.491373
491,4501,기흥,E,에버라인,Y110,127.115936,37.275619
492,4502,강남대,E,에버라인,Y111,127.126033,37.270161
493,4503,지석,E,에버라인,Y112,127.136515,37.269606
494,4504,어정,E,에버라인,Y113,127.143714,37.274917
495,4505,동백,E,에버라인,Y114,127.152716,37.269043
496,4506,초당,E,에버라인,Y115,127.159443,37.260752
497,4508,삼가,E,에버라인,Y116,127.168075,37.242115
498,4509,시청·용인대,E,에버라인,Y117,127.178406,37.239151
499,4510,명지대,E,에버라인,Y118,127.190294,37.237964
500,4511,김량장,E,에버라인,Y119,127.198781,37.237247
501,4512,운동장·송담대,E,에버라인,Y120,127.209198,37.237845
502,4513,고진,E,에버라인,Y121,127.214251,37.24484
503,4514,보평,E,에버라인,Y123,127.218457,37.258965
504,4515,둔전,E,에버라인,Y125,127.21364,37.267051
505,4517,전대·에버랜드,E,에버라인,Y126,127.219561,37.285342
506,1305,청량리,G,경춘선,P116,127.046835,37.580178
507,1306,회기,G,경춘선,P117,127.057583,37.58946
508,1307,중랑,G,경춘선,P118,127.076116,37.594917
509,1308,광운대,G,경춘선,P119,127.061835,37.623632
510,1309,상봉,G,경춘선,P120,127.085032,37.596362
511,1310,망우,G,경춘선,P121,127.091909,37.59955
512,1311,신내,G,경춘선,P122,127.103218,37.612887
513,1312,갈매,G,경춘선,P123,127.114757,37.634118
514,1313,별내,G,경춘선,P124,127.12684,37.64202
515,1314,퇴계원,G,경춘선,P125,127.143952,37.648311
516,1315,사릉,G,경춘선,P126,127.176933,37.65108
517,1316,금곡,G,경춘선,P127,127.207853,37.637382
518,1317,평내호평,G,경춘선,P128,127.244493,37.653225
519,1318,천마산,G,경춘선,P129,127.285379,37.658978
520,1319,마석,G,경춘선,P130,127.311767,37.652782
521,1320,대성리,G,경춘선,P131,127.379319,37.684071
522,1321,청평,G,경춘선,P132,127.42661,37.735488
523,1322,상천,G,경춘선,P133,127.454821,37.770246
524,1323,가평,G,경춘선,P134,127.510739,37.814536
525,1324,굴봉산,G,경춘선,P135,127.557695,37.832067
526,1325,백양리,G,경춘선,P136,127.58933,37.830779
527,1326,강촌,G,경춘선,P137,127.634146,37.805723
528,1327,김유정,G,경춘선,P138,127.71434,37.818466
529,1328,남춘천,G,경춘선,P139,127.723792,37.864007
530,1329,춘천,G,경춘선,P140,127.717023,37.885054
531,3110,계양,I,인천1호선,I110,126.735637,37.571462
532,3111,귤현,I,인천1호선,I111,126.742654,37.566379
533,3112,박촌,I,인천1호선,I112,126.745077,37.553703
534,3113,임학,I,인천1호선,I113,126.738665,37.545059
535,3114,계산,I,인천1호선,I114,126.728128,37.543238
536,3115,경인교대입구,I,인천1호선,I115,126.722597,37.538157
537,3116,작전,I,인천1호선,I116,126.722527,37.530415
538,3117,갈산,I,인천1호선,I117,126.721514,37.517268
539,3118,부평구청,I,인천1호선,I118,126.720548,37.508336
540,3119,부평시장,I,인천1호선,I119,126.722244,37.498383
541,3120,부평,I,인천1호선,I120,126.724805,37.489493
542,3121,동수,I,인천1호선,I121,126.718247,37.485312
543,3122,부평삼거리,I,인천1호선,I122,126.710208,37.477679
544,3123,간석오거리,I,인천1호선,I123,126.707938,37.467048
545,3124,인천시청,I,인천1호선,I124,126.702221,37.457405
546,3125,예술회관,I,인천1호선,I125,126.701012,37.449396
547,3126,인천터미널,I,인천1호선,I126,126.699706,37.442383
548,3127,문학경기장,I,인천1호선,I127,126.698579,37.434935
549,3128,선학,I,인천1호선,I128,126.698863,37.426684
550,3129,신연수,I,인천1호선,I129,126.693863,37.41804
551,3130,원인재,I,인천1호선,I130,126.687389,37.412603
552,3131,동춘,I,인천1호선,I131,126.681015,37.404737
553,3132,동막,I,인천1호선,I132,126.674005,37.397878
554,3133,캠퍼스타운,I,인천1호선,I133,126.661673,37.387855
555,3134,테크노파크,I,인천1호선,I134,126.656365,37.382268
556,3135,지식정보단지,I,인천1호선,I135,126.645168,37.378384
557,3136,인천대입구,I,인천1호선,I136,126.639484,37.386007
558,3137,센트럴파크,I,인천1호선,I137,126.634729,37.393054
559,3138,국제업무지구,I,인천1호선,I138,126.630347,37.399907
560,3201,검단오류,I2,인천2호선,I201,126.627178,37.594877
561,3202,왕길,I2,인천2호선,I202,126.642696,37.59518
562,3203,검단사거리,I2,인천2호선,I203,126.657108,37.60185
563,3204,마전,I2,인천2호선,I204,126.666998,37.597566
564,3205,완정,I2,인천2호선,I205,126.673203,37.592928
565,3206,독정,I2,인천2호선,I206,126.675844,37.585212
566,3207,검암,I2,인천2호선,I207,126.673728,37.569104
567,3208,검바위,I2,인천2호선,I208,126.677566,37.561405
568,3209,아시아드경기장,I2,인천2호선,I209,126.677122,37.5517
569,3210,서구청,I2,인천2호선,I210,126.676787,37.543742
570,3211,가정,I2,인천2호선,I211,126.675539,37.524649
571,3212,가정중앙시장,I2,인천2호선,I212,126.676672,37.517054
572,3213,석남,I2,인천2호선,I213,126.676203,37.506193
573,3214,서부여성회관,I2,인천2호선,I214,126.676203,37.506193
574,3215,인천가좌,I2,인천2호선,I215,126.675208,37.4897
575,3216,가재울,I2,인천2호선,I216,126.683673,37.484192
576,3217,주안국가산단,I2,인천2호선,I217,126.68113,37.473703
577,3218,주안,I2,인천2호선,I218,126.679923,37.464941
578,3219,시민공원,I2,인천2호선,I219,126.681192,37.458335
579,3220,석바위시장,I2,인천2호선,I220,126.692575,37.457611
580,3221,인천시청,I2,인천2호선,I221,126.702221,37.457405
581,3222,석천사거리,I2,인천2호선,I222,126.709986,37.456805
582,3223,모래내시장,I2,인천2호선,I223,126.719298,37.45583
583,3224,만수,I2,인천2호선,I224,126.732094,37.454911
584,3225,남동구청,I2,인천2호선,I225,126.736939,37.448161
585,3226,인천대공원,I2,인천2호선,I226,126.752618,37.448769
586,3227,운연,I2,인천2호선,I227,126.75997,37.440127
587,1290,용산,K,경의중앙선,K110,126.964561,37.529849
588,1008,이촌,K,경의중앙선,K111,126.974345,37.522272
589,1009,서빙고,K,경의중앙선,K112,126.988537,37.519594
590,1010,한남,K,경의중앙선,K113,127.009169,37.52943
591,1011,옥수,K,경의중앙선,K114,127.017965,37.540685
592,1012,응봉,K,경의중앙선,K115,127.034538,37.549946
593,1013,왕십리,K,경의중앙선,K116,127.037732,37.561533
594,1014,청량리,K,경의중앙선,K117,127.046835,37.580178
595,1200,회기,K,경의중앙선,K118,127.057583,37.58946
596,1201,중랑,K,경의중앙선,K119,127.076116,37.594917
597,1202,상봉,K,경의중앙선,K120,127.085032,37.596362
598,1203,망우,K,경의중앙선,K121,127.091909,37.59955
599,1204,양원,K,경의중앙선,K122,127.107906,37.606596
600,1205,구리,K,경의중앙선,K123,127.143869,37.603392
601,1206,도농,K,경의중앙선,K124,127.161153,37.608806
602,1207,양정,K,경의중앙선,K125,127.19364,37.60533
603,1208,덕소,K,경의중앙선,K126,127.208832,37.586781
604,1209,도심,K,경의중앙선,K127,127.222672,37.579622
605,1210,팔당,K,경의중앙선,K128,127.243939,37.547371
606,1211,운길산,K,경의중앙선,K129,127.310115,37.554669
607,1212,양수,K,경의중앙선,K130,127.329098,37.545981
608,1213,신원,K,경의중앙선,K131,127.372921,37.525545
609,1214,국수,K,경의중앙선,K132,127.399367,37.516169
610,1215,아신,K,경의중앙선,K133,127.443173,37.51382
611,1216,오빈,K,경의중앙선,K134,127.473868,37.506062
612,1217,양평(경의중앙선),K,경의중앙선,K135,127.491814,37.492832
613,1218,원덕,K,경의중앙선,K136,127.547076,37.468672
614,1219,용문,K,경의중앙선,K137,127.594647,37.48223
615,1220,지평,K,경의중앙선,K138,127.6296609,37.47687601
616,1262,공덕,K,경의중앙선,K312,126.951592,37.544018
617,1263,서강대,K,경의중앙선,K313,126.935711,37.551881
618,1264,홍대입구,K,경의중앙선,K314,126.925381,37.557192
619,1265,가좌,K,경의중앙선,K315,126.915487,37.568491
620,1266,디지털미디어시티,K,경의중앙선,K316,126.900984,37.576646
621,1267,수색,K,경의중앙선,K317,126.895611,37.580842
622,1268,화전,K,경의중앙선,K318,126.868387,37.602888
623,1269,강매,K,경의중앙선,K319,126.843223,37.612314
624,1270,행신,K,경의중앙선,K320,126.834146,37.612102
625,1271,능곡,K,경의중앙선,K321,126.820783,37.618808
626,1249,대곡,K,경의중앙선,K322,126.811024,37.631626
627,1272,곡산,K,경의중앙선,K323,126.801762,37.645676
628,1273,백마,K,경의중앙선,K324,126.794461,37.658239
629,1274,풍산,K,경의중앙선,K325,126.786243,37.672346
630,1275,일산,K,경의중앙선,K326,126.769846,37.682077
631,1276,탄현,K,경의중앙선,K327,126.761086,37.694023
632,1277,야당,K,경의중앙선,K328,126.761356,37.712327
633,1278,운정,K,경의중앙선,K329,126.767257,37.725826
634,1279,금릉,K,경의중앙선,K330,126.765347,37.751322
635,1280,금촌,K,경의중앙선,K331,126.774644,37.766217
636,1282,월롱,K,경의중앙선,K333,126.792587,37.796188
637,1283,파주,K,경의중앙선,K334,126.792783,37.815298
638,1284,문산,K,경의중앙선,K335,126.788047,37.854619
639,1261,효창공원앞,K,경의중앙선,K826,126.961351,37.539261
640,1252,신촌(경의중앙선),K,경의중앙선,P312,126.942319,37.559783
641,1251,서울(경의중앙선),K,경의중앙선,P313,126.969522,37.556328
642,1501,판교,KK,경강선,K410,127.111217,37.394761
643,1502,이매,KK,경강선,K411,127.12827,37.396104
644,1503,삼동,KK,경강선,K412,127.20336,37.409522
645,1504,경기광주,KK,경강선,K413,127.25263,37.399907
646,1505,초월,KK,경강선,K414,127.299,37.374419
647,1506,곤지암,KK,경강선,K415,127.34674,37.351315
648,1507,신둔도예촌,KK,경강선,K416,127.40476,37.317185
649,1508,이천,KK,경강선,K417,127.44226,37.265579
650,1509,부발,KK,경강선,K418,127.490277,37.260192
651,1510,세종대왕릉,KK,경강선,K419,127.570938,37.295309
652,1511,여주,KK,경강선,K420,127.628695,37.28254791
653,4310,청계산입구,S,신분당선,D10,127.055664,37.447211
654,4311,판교,S,신분당선,D11,127.111217,37.394761
655,4312,정자,S,신분당선,D12,127.108105,37.36706
656,4314,동천,S,신분당선,D14,127.102976,37.337928
657,4315,수지구청,S,신분당선,D15,127.095026,37.322702
658,4316,성복,S,신분당선,D16,127.0801,37.313335
659,4317,상현,S,신분당선,D17,127.069342,37.297664
660,4318,광교중앙,S,신분당선,D18,127.051478,37.288617
661,4319,광교,S,신분당선,D19,127.044483,37.30211
662,4307,강남,S,신분당선,D7,127.027926,37.497175
663,4308,양재,S,신분당선,D8,127.034631,37.484147
664,4309,양재시민의숲,S,신분당선,D9,127.03842,37.470023
665,1877,오이도,SU,수인선,K250,126.738714,37.362357
666,1878,달월,SU,수인선,K251,126.745177,37.379681
667,1879,월곶,SU,수인선,K252,126.742699,37.391769
668,1880,소래포구,SU,수인선,K253,126.733522,37.40095
669,1881,인천논현,SU,수인선,K254,126.722478,37.400614
670,1882,호구포,SU,수인선,K255,126.708627,37.401637
671,1883,남동인더스파크,SU,수인선,K256,126.695216,37.407722
672,1884,원인재,SU,수인선,K257,126.687389,37.412603
673,1885,연수,SU,수인선,K258,126.67894,37.417804
674,1886,송도,SU,수인선,K259,126.657772,37.428514
675,1888,인하대,SU,수인선,K261,126.649619,37.448493
676,1889,숭의,SU,수인선,K262,126.638297,37.460789
677,1890,신포,SU,수인선,K263,126.623853,37.46874
678,1891,인천,SU,수인선,K264,126.616936,37.476691
679,4601,발곡,U,의정부경전철,U110,127.052803,37.727048
680,4602,회룡,U,의정부경전철,U111,127.046895,37.724846
681,4603,범골,U,의정부경전철,U112,127.04353,37.728755
682,4604,경전철의정부,U,의정부경전철,U113,127.043257,37.737202
683,4605,의정부시청,U,의정부경전철,U114,127.034781,37.739256
684,4606,흥선,U,의정부경전철,U115,127.037023,37.743302
685,4607,의정부중앙,U,의정부경전철,U117,127.049565,37.743676
686,4608,동오,U,의정부경전철,U118,127.056947,37.745271
687,4609,새말,U,의정부경전철,U119,127.06362,37.748885
688,4610,경기도청북부청사,U,의정부경전철,U120,127.071495,37.75059
689,4611,효자,U,의정부경전철,U121,127.076902,37.754025
690,4612,곤제,U,의정부경전철,U122,127.083715,37.750471
691,4613,어룡,U,의정부경전철,U123,127.085035,37.742802
692,4614,송산,U,의정부경전철,U124,127.087159,37.737279
693,4615,탑석,U,의정부경전철,U125,127.088704,37.733579
694,4701,북한산우이,UI,우이신설선,941,127.0127362,37.66294966
695,4702,솔밭공원,UI,우이신설선,942,127.0132506,37.65589942
696,4703,419민주묘지,UI,우이신설선,943,127.0136857,37.64956546
697,4704,가오리,UI,우이신설선,944,127.0167661,37.64155983
698,4705,화계,UI,우이신설선,945,127.0175009,37.63412659
699,4706,삼양,UI,우이신설선,946,127.0181392,37.62692311
700,4707,삼양사거리,UI,우이신설선,947,127.0204939,37.62133661
701,4708,솔샘,UI,우이신설선,948,127.0135105,37.62026544
702,4709,북한산보국문,UI,우이신설선,949,127.0082594,37.61217505
703,4710,정릉,UI,우이신설선,950,127.0135356,37.6026556
704,4711,성신여대입구,UI,우이신설선,951,127.016403,37.592624
705,4712,보문,UI,우이신설선,952,127.019381,37.585286
706,4713,신설동,UI,우이신설선,953,127.025087,37.575297
707,,양촌,KG,김포도시철도,,126.6146592,37.64164697
708,,구례,KG,김포도시철도,,126.6287681,37.64544928
709,,마산,KG,김포도시철도,,126.643858,37.64058767
710,,장기,KG,김포도시철도,,126.6691447,37.64413289
711,,운양,KG,김포도시철도,,126.684089,37.65380594
712,,김포북변,KG,김포도시철도,,126.705812,37.63160515
713,,사우,KG,김포도시철도,,126.7199807,37.62022104
714,,풍무,KG,김포도시철도,,126.7324653,37.61244116
715,,고촌,KG,김포도시철도,,126.7704454,37.60108409
716,,김포공항,KG,김포도시철도,,126.801497,37.5623537
717,,원시,SH,서해선,,126.7867572,37.30261998
718,,원곡,SH,서해선,,126.7957666,37.31320786
719,,초지,SH,서해선,,126.8078789,37.31983102
720,,선부,SH,서해선,,126.81001,37.33440313
721,,달미,SH,서해선,,126.8094023,37.34897539
722,,시흥능곡,SH,서해선,,126.8087543,37.37023785
723,,시흥시청,SH,서해선,,126.8058864,37.38165226
724,,신현,SH,서해선,,126.7878288,37.40935848
725,,신천,SH,서해선,,126.7868089,37.43926703
726,,시흥대야,SH,서해선,,126.7929694,37.45007074
727,,소새울,SH,서해선,,126.7972423,37.46856713
728,,소사,SH,서해선,,126.7950804,37.48282781
729,,사상,BK,부산김해경전철,,128.9859276,35.1622805
730,,불암,BK,부산김해경전철,,128.927895,35.2221588
731,,지내,BK,부산김해경전철,,128.9237264,35.2274999
732,,김해대학,BK,부산김해경전철,,128.9153286,35.2290059
733,,인제대,BK,부산김해경전철,,128.9017405,35.2280983
734,,김해시청,BK,부산김해경전철,,128.8897732,35.2277182
735,,부원,BK,부산김해경전철,,128.8839051,35.2265262
736,,봉황,BK,부산김해경전철,,128.874312,35.2272719
737,,수로왕릉,BK,부산김해경전철,,128.8721414,35.2328222
738,,박물관,BK,부산김해경전철,,128.871393,35.2419406
739,,연지공원,BK,부산김해경전철,,128.8692158,35.2500237
740,,괘법르네시떼,BK,부산김해경전철,,128.977674,35.1632488
741,,장신대,BK,부산김해경전철,,128.8668781,35.2616414
742,,가야대,BK,부산김해경전철,,128.8688351,35.267892
743,,서부산유통지구,BK,부산김해경전철,,128.9552935,35.1661406
744,,공항,BK,부산김해경전철,,128.948177,35.1724612
745,,덕두,BK,부산김해경전철,,128.9541607,35.1819239
746,,등구,BK,부산김해경전철,,128.963595,35.1961453
747,,대저,BK,부산김해경전철,,128.9605441,35.2130886
748,,평강,BK,부산김해경전철,,128.9508814,35.2142555
749,,대사,BK,부산김해경전철,,128.9384208,35.2176158
750,,동매,B1,1호선,,128.9734513,35.0897646
751,,신평,B1,1호선,,128.9612223,35.0924763
752,,하단,B1,1호선,,128.9662951,35.107859
753,,당리,B1,1호선,,128.9749128,35.1029134
754,,사하,B1,1호선,,128.982877,35.0993426
755,,괴정,B1,1호선,,128.9924914,35.0998773
756,,대티,B1,1호선,,128.9998347,35.1030349
757,,서대신,B1,1호선,,129.0121728,35.1109009
758,,동대신,B1,1호선,,129.0176195,35.1104857
759,,토성,B1,1호선,,129.0198128,35.1007502
760,,자갈치,B1,1호선,,129.0265927,35.0973759
761,,남포,B1,1호선,,129.0345071,35.0979125
762,,중앙,B1,1호선,,129.0363579,35.1037558
763,,부산,B1,1호선,,129.0392795,35.1144394
764,,초량,B1,1호선,,129.0434127,35.1219846
765,,부산진,B1,1호선,,129.0472846,35.1279184
766,,좌천,B1,1호선,,129.0544438,35.1343103
767,,범일,B1,1호선,,129.0595012,35.1401703
768,,범내골,B1,1호선,,129.0592322,35.1473568
769,,서면,B1,1호선,,129.0593253,35.1587675
770,,부전,B1,1호선,,129.0630085,35.1626292
771,,양정,B1,1호선,,129.0712227,35.1729679
772,,시청,B1,1호선,,129.0766258,35.1797795
773,,연산,B1,1호선,,129.0815068,35.1860727
774,,교대,B1,1호선,,129.0798067,35.1961563
775,,동래,B1,1호선,,129.078494,35.2056776
776,,명륜,B1,1호선,,129.0803726,35.2131873
777,,온천장,B1,1호선,,129.086398,35.2202723
778,,부산대,B1,1호선,,129.0893535,35.2293767
779,,장전,B1,1호선,,129.0881406,35.2380858
780,,구서,B1,1호선,,129.091296,35.2472784
781,,두실,B1,1호선,,129.0914137,35.256877
782,,남산,B1,1호선,,129.1007038,35.2896927
783,,범어사,B1,1호선,,129.1007038,35.2896927
784,,노포,B1,1호선,,129.0963363,35.2837563
785,,다대포해수욕장,B1,1호선,,128.9658222,35.0481986
786,,다대포항,B1,1호선,,128.9711393,35.0575398
787,,낫개,B1,1호선,,128.9796612,35.0652234
788,,신장림,B1,1호선,,128.9766285,35.0747757
789,,장림,B1,1호선,,128.9774056,35.0820168
790,,장산,B2,2호선,,129.1769493,35.1699316
791,,중동,B2,2호선,,129.1686146,35.1666502
792,,해운대,B2,2호선,,129.1588684,35.1636431
793,,동백,B2,2호선,,129.1486899,35.1610629
794,,벡스코,B2,2호선,,129.1388766,35.1688894
795,,센텀시티,B2,2호선,,129.1323615,35.169275
796,,민락,B2,2호선,,129.1221004,35.1670629
797,,수영,B2,2호선,,129.1148287,35.1658952
798,,광안,B2,2호선,,129.1131723,35.1579242
799,,금련산,B2,2호선,,129.1109538,35.1497419
800,,남천,B2,2호선,,129.1079755,35.1421525
801,,경성대·부경대,B2,2호선,,129.1004407,35.137561
802,,대연,B2,2호선,,129.0922991,35.1351198
803,,못골,B2,2호선,,129.08671,35.1348185
804,,지게골,B2,2호선,,129.0742336,35.1356238
805,,문현,B2,2호선,,129.0672791,35.1391556
806,,국제금융센터·부산은행,B2,2호선,,129.0667394,35.1457315
807,,전포,B2,2호선,,129.0653615,35.1528375
808,,서면,B2,2호선,,129.061104,35.1562821
809,,부암,B2,2호선,,129.0504287,35.1574388
810,,가야,B2,2호선,,129.0428245,35.155873
811,,동의대,B2,2호선,,129.0325502,35.154041
812,,개금,B2,2호선,,129.020379,35.1531977
813,,냉정,B2,2호선,,129.0125188,35.1512715
814,,주례,B2,2호선,,129.0031367,35.1504933
815,,감전,B2,2호선,,128.9912788,35.1555034
816,,사상,B2,2호선,,128.9846451,35.1624262
817,,덕포,B2,2호선,,128.9839717,35.1739514
818,,모덕,B2,2호선,,128.9855504,35.1801402
819,,모라,B2,2호선,,128.9886078,35.1896429
820,,구남,B2,2호선,,128.9948669,35.1968839
821,,구명,B2,2호선,,128.9994397,35.2026422
822,,덕천,B2,2호선,,129.005476,35.2103622
823,,수정,B2,2호선,,129.009148,35.2230862
824,,화명,B2,2호선,,129.0139223,35.2360081
825,,율리,B2,2호선,,129.0129312,35.2473017
826,,동원,B2,2호선,,129.0124458,35.2586361
827,,금곡,B2,2호선,,129.0169078,35.2674592
828,,호포,B2,2호선,,129.0174955,35.2845714
829,,증산,B2,2호선,,129.0102819,35.3082748
830,,부산대양산캠퍼스,B2,2호선,,129.0139411,35.3168883
831,,남양산,B2,2호선,,129.0194262,35.3254502
832,,양산,B2,2호선,,129.0264462,35.3387311
833,,수영,B3,3호선,,129.1145588,35.1662312
834,,망미,B3,3호선,,129.108319,35.1715254
835,,배산,B3,3호선,,129.0957317,35.1734607
836,,물만골,B3,3호선,,129.0856101,35.1767608
837,,연산,B3,3호선,,129.0808556,35.1891252
838,,거제,B3,3호선,,129.0739635,35.1885465
839,,종합운동장,B3,3호선,,129.0675759,35.1912711
840,,사직,B3,3호선,,129.0650631,35.198973
841,,미남,B3,3호선,,129.0681256,35.2055802
842,,만덕,B3,3호선,,129.0361513,35.2129609
843,,남산정,B3,3호선,,129.0241513,35.2133334
844,,숙등,B3,3호선,,129.0134718,35.2121433
845,,덕천,B3,3호선,,129.0059795,35.2102228
846,,구포,B3,3호선,,128.996857,35.2069721
847,,강서구청,B3,3호선,,128.981961,35.2112222
848,,체육공원,B3,3호선,,128.9694556,35.2125038
849,,대저,B3,3호선,,128.9610525,35.213364
850,,미남,B4,4호선,,129.0770985,35.2047886
851,,동래,B4,4호선,,129.0687053,35.2087569
852,,수안,B4,4호선,,129.0838579,35.2018889
853,,낙민,B4,4호선,,129.0908305,35.2001858
854,,충렬사,B4,4호선,,129.0975335,35.1996926
855,,명장,B4,4호선,,129.1018264,35.2053233
856,,서동,B4,4호선,,129.1072581,35.2130886
857,,금사,B4,4호선,,129.1151351,35.2156483
858,,반여농산물시장,B4,4호선,,129.1240167,35.2177475
859,,석대,B4,4호선,,129.1368289,35.2181146
860,,영산대,B4,4호선,,129.1461606,35.2256072
861,,동부산대학,B4,4호선,,129.1538036,35.232421
862,,고촌,B4,4호선,,129.1604456,35.235972
863,,안평,B4,4호선,,129.1598439,35.236149
864,,설화명곡,D1,1호선,,128.4891747,35.798434
865,,화원,D1,1호선,,128.5006743,35.8044346
866,,대곡,D1,1호선,,128.5124902,35.8094413
867,,진천,D1,1호선,,128.5231198,35.8138932
868,,월배,D1,1호선,,128.5303276,35.8161419
869,,상인,D1,1호선,,128.5379122,35.81895001
870,,월촌,D1,1호선,,128.5454959,35.8237353
871,,송현,D1,1호선,,128.5517442,35.8310707
872,,성당못,D1,1호선,,128.5570329,35.8371302
873,,대명,D1,1호선,,128.5653723,35.8393175
874,,안지랑,D1,1호선,,128.5731758,35.8392625
875,,현충로,D1,1호선,,128.5819235,35.8411764
876,,영대병원,D1,1호선,,128.5876227,35.8439517
877,,교대,D1,1호선,,128.5905907,35.8500932
878,,명덕,D1,1호선,,128.5911472,35.85795
879,,반월당,D1,1호선,,128.5931766,35.8658265
880,,중앙로,D1,1호선,,128.5940123,35.8709689
881,,대구역,D1,1호선,,128.5971645,35.87633554
882,,칠성시장,D1,1호선,,128.6051695,35.8761318
883,,신천,D1,1호선,,128.6176499,35.8746352
884,,동대구역,D1,1호선,,128.6274827,35.8773063
885,,큰고개,D1,1호선,,128.6320783,35.8842403
886,,아양교,D1,1호선,,128.6396439,35.8871205
887,,동촌,D1,1호선,,128.6504556,35.8859628
888,,해안,D1,1호선,,128.6599161,35.8835047
889,,방촌,D1,1호선,,128.6701172,35.8796357
890,,용계,D1,1호선,,128.6816392,35.8762451
891,,율하,D1,1호선,,128.6927792,35.869782
892,,신기,D1,1호선,,128.7024744,35.8666973
893,,반야월,D1,1호선,,128.7136519,35.8659915
894,,각산,D1,1호선,,128.7241673,35.8680016
895,,안심,D1,1호선,,128.7337981,35.871287
896,,문양,D2,2호선,,128.4370925,35.8640802
897,,다사,D2,2호선,,128.4585443,35.8647303
898,,대실,D2,2호선,,128.4656538,35.8572761
899,,강창,D2,2호선,,128.4783392,35.8530801
900,,계명대,D2,2호선,,128.4919803,35.8515018
901,,성서산업단지,D2,2호선,,128.5072487,35.8517268
902,,이곡,D2,2호선,,128.5157663,35.8506179
903,,용산,D2,2호선,,128.5283873,35.8489678
904,,죽전,D2,2호선,,128.5383948,35.8505457
905,,감삼,D2,2호선,,128.5479079,35.8542342
906,,두류,D2,2호선,,128.556611,35.8575471
907,,내당,D2,2호선,,128.5647454,35.8601771
908,,반고개,D2,2호선,,128.5725547,35.8621951
909,,신남,D2,2호선,,128.5824619,35.8648514
910,,반월당,D2,2호선,,128.5931766,35.8658265
911,,경대병원,D2,2호선,,128.6028013,35.8632008
912,,대구은행,D2,2호선,,128.6142237,35.859736
913,,범어,D2,2호선,,128.6244598,35.8590163
914,,수성구청,D2,2호선,,128.6359503,35.8587397
915,,만촌,D2,2호선,,128.6453731,35.8587976
916,,담티,D2,2호선,,128.653678,35.8548681
917,,연호,D2,2호선,,128.6722287,35.8464015
918,,대공원,D2,2호선,,128.6792762,35.8433154
919,,고산,D2,2호선,,128.6937532,35.8430434
920,,신매,D2,2호선,,128.7043707,35.8407194
921,,사월,D2,2호선,,128.7153604,35.8367698
922,,정평,D2,2호선,,128.7291931,35.8339827
923,,임당,D2,2호선,,128.7413908,35.8340163
924,,영남대,D2,2호선,,128.7521444,35.8358332
925,,칠곡경대병원,D3,3호선,,128.5598789,35.9584339
926,,학정,D3,3호선,,128.5591876,35.9515872
927,,팔거,D3,3호선,,128.5583589,35.9440832
928,,동천,D3,3호선,,128.5565397,35.9375571
929,,칠곡운암,D3,3호선,,128.5545466,35.9314735
930,,구암,D3,3호선,,128.5503283,35.9256614
931,,태전,D3,3호선,,128.5473948,35.9196721
932,,매천,D3,3호선,,128.544598,35.9109241
933,,매천시장,D3,3호선,,128.5457832,35.9044292
934,,팔달,D3,3호선,,128.5467238,35.8978273
935,,공단,D3,3호선,,128.5536432,35.89197052
936,,만평,D3,3호선,,128.56121,35.88985871
937,,팔달시장,D3,3호선,,128.5678952,35.8888602
938,,원대,D3,3호선,,128.5743892,35.8877838
939,,북구청,D3,3호선,,128.5814708,35.88387248
940,,달성공원,D3,3호선,,128.5820758,35.8756511
941,,서문시장,D3,3호선,,128.5822434,35.8698007
942,,신남,D3,3호선,,128.5823683,35.8641579
943,,남산,D3,3호선,,128.5832215,35.8566818
944,,명덕,D3,3호선,,128.5903532,35.8568903
945,,건들바위,D3,3호선,,128.5996309,35.8553572
946,,대봉교,D3,3호선,,128.6061931,35.8549367
947,,수성시장,D3,3호선,,128.6160194,35.8542739
948,,수성구민운동장,D3,3호선,,128.6253493,35.8524411
949,,어린이회관,D3,3호선,,128.6248376,35.8450799
950,,황금,D3,3호선,,128.6239561,35.8371259
951,,수성못,D3,3호선,,128.6236126,35.8314223
952,,지산,D3,3호선,,128.631554,35.8251257
953,,범물,D3,3호선,,128.6402283,35.8206813
954,,용지,D3,3호선,,128.6468718,35.8183834
955,,판암,DJ,1호선,,127.4583947,36.3169476
956,,신흥,DJ,1호선,,127.4487982,36.3196615
957,,대동,DJ,1호선,,127.4429828,36.329332
958,,대전,DJ,1호선,,127.433089,36.3312863
959,,중앙로,DJ,1호선,,127.4253284,36.3278605
960,,중구청,DJ,1호선,,127.4195483,36.3247774
961,,서대전네거리,DJ,1호선,,127.412538,36.3224449
962,,오룡,DJ,1호선,,127.4049286,36.328653
963,,용문,DJ,1호선,,127.3932815,36.3382738
964,,탄방,DJ,1호선,,127.3845455,36.3456914
965,,시청,DJ,1호선,,127.3867176,36.3514075
966,,정부청사,DJ,1호선,,127.3813087,36.3577244
967,,갈마,DJ,1호선,,127.3728848,36.3577616
968,,월평,DJ,1호선,,127.3647247,36.3582502
969,,갑천,DJ,1호선,,127.3541276,36.3543
970,,유성온천,DJ,1호선,,127.3415762,36.3536637
971,,구암,DJ,1호선,,127.3306879,36.3566134
972,,현충원,DJ,1호선,,127.3232448,36.3592121
973,,월드컵경기장,DJ,1호선,,127.3178971,36.3667971
974,,노은,DJ,1호선,,127.3178887,36.3741422
975,,지족,DJ,1호선,,127.3194849,36.3840829
976,,반석,DJ,1호선,,127.3146331,36.3920762
977,,녹동,G1,1호선,,126.9347355,35.1092471
978,,소태,G1,1호선,,126.9323523,35.12354928
979,,학동증심사입구,G1,1호선,,126.9283443,35.13290126
980,,남광주,G1,1호선,,126.9231778,35.13904153
981,,문화전당,G1,1호선,,126.9200098,35.1464262
982,,금남로4가,G1,1호선,,126.9147277,35.1506069
983,,금남로5가,G1,1호선,,126.9099192,35.15385467
984,,양동시장,G1,1호선,,126.901363,35.15435163
985,,돌고개,G1,1호선,,126.8955341,35.15187046
986,,농성,G1,1호선,,126.8838384,35.15326677
987,,화정,G1,1호선,,126.8758224,35.1521709
988,,쌍촌,G1,1호선,,126.8695543,35.1515992
989,,운천,G1,1호선,,126.858651,35.15051374
990,,상무,G1,1호선,,126.8486707,35.14675909
991,,김대중컨벤션센터,G1,1호선,,126.8413554,35.14319294
992,,공항,G1,1호선,,126.8118066,35.14409583
993,,송정공원,G1,1호선,,126.7995082,35.14357422
994,,광주송정역,G1,1호선,,126.7914934,35.13756364
995,,도산,G1,1호선,,126.7877026,35.131594
996,,평동,G1,1호선,,126.7696033,35.1247556