apt_id,region_cod,addr,primary_no,sub_no,apt_title,n_apt_titl,lat,lon,sectors,constructi,completion,households,heating_sy,heating_re,max_floor,min_floor,parking_ca,parking_lo,community,min_area_s,max_area_s,min_area_u,max_area_u,addr_stree,addr_short,executor,homepage,telno,category1,category2,available_,ncode,in_use,deal_cnt,lease_cnt,rent_cnt,sido_code,dong_code,gubun,join_key,area_suppl,ratio_10,ratio_20,ratio_30,ratio_40,ratio_50
"1165010710","11650",서울시 서초구 반포동 20-43,"20","43",반포동,반포자이,37.507537999999997,127.013604999999998,44동,GS건설(주),"2009","3410",지역난방,열병합,29층,20층,"1.78","0","1","84.23","301.38","59.97","244.97",서울시 서초구 신반포로 270,서울시 서초구 반포동,,,,,,,"22853","1","291","360","346","11","1165010700",아파트,"1165000200043","35",0.053602163757069,0.127305138923039,0.193570199164002,0.258913203835751,0.197565773297270
"1165010711","11650",서울시 서초구 반포동 2-12,"2","12",반포동,아크로리버파크,37.506089000000003,126.993312000000003,15동,대림산업(주),"2016","1612",지역난방,열병합,38층,3층,"1.84","0","0","78.68","318.75","59.95","234.97",서울시 서초구 신반포로15길 19,서울시 서초구 반포동,,,,,,,"107613","1","109","120","100","11","1165010700",아파트,"1165000020012","34",0.063575373100269,0.109853498242891,0.176600794121674,0.240792296106978,0.195814887499429
"1165010709","11650",서울시 서초구 반포동 18-1,"18","1",반포동,래미안퍼스티지,37.503005000000002,126.999724000000001,28동,삼성물산(주),"2009","2444",지역난방,열병합,32층,23층,"1.78","0","1","86.57","268.8","59.89","222.76",서울시 서초구 반포대로 275,서울시 서초구 반포동,,,,,,,"23759","1","112","107","107","11","1165010700",아파트,"1165000180001","34",0.046872105230655,0.100475514111035,0.176557771876737,0.262520842339282,0.216204532822825
"1165010643","11650",서울시 서초구 잠원동 73,"73","0",잠원동,신반포2차,37.509497000000003,127.001148000000001,13동,한신공영(주),"1978","1572",지역난방,열병합,12층,12층,"2.09","1","0","74.18","164.72","68.91","150.58",서울시 서초구 신반포로23길 41,서울시 서초구 잠원동,,,,,,,"531","1","69","151","39","11","1165010600",재건축,"1165000730000","35",0.095904330154759,0.112396435829294,0.153040487728621,0.238158511802406,0.191886821947786
"1165010860","11650",서울시 서초구 서초동 1335,"1335","0",서초동,서초그랑자이,37.489133000000002,127.025992000000002,9동,지에스건설(주),"2021","1446",지역난방,열병합,35층,30층,"2","0","1","83.85","192.97","59.98","148.5",서울시 서초구 효령로 391,서울시 서초구 서초동,,,,,,,"126726","1","63","48","39","11","1165010800",아파트,"1165013350000","34",0.055975679270378,0.104921147634429,0.184609538286148,0.246437393121794,0.199733992019760
"1165010638","11650",서울시 서초구 잠원동 70,"70","0",잠원동,신반포4차,37.508702000000000,127.006282999999996,12동,한신공영(주),"1979","1212",지역난방,열병합,13층,12층,"1","1","0","103.57","168.64","96.48","155",서울시 서초구 잠원로 37-48,서울시 서초구 잠원동,,,,,,,"532","1","83","112","48","11","1165010600",재건축,"1165000700000","32",0.063834384994381,0.111029475321981,0.148500302532630,0.239821937937591,0.219163281182470
"1165010714","11650",서울시 서초구 반포동 30-26,"30","26",반포동,반포리체,37.503762000000002,127.013485000000003,9동,"삼성물산(주),대림산업","2011","1119",지역난방,열병합,35층,30층,"1.5","0","1","84.73","172.28","59.99","138.72",서울시 서초구 고무래로 35,서울시 서초구 반포동,,,,,,,"101887","1","42","53","49","11","1165010700",아파트,"1165000300026","34",0.065675547760238,0.119713800495559,0.184275731507000,0.259945989587682,0.186948411704111
"1165010857","11650",서울시 서초구 서초동 1755,"1755","0",서초동,래미안리더스원,37.490772999999997,127.028120999999999,12동,삼성물산(주),"2020","1317",지역난방,열병합,35층,15층,"1.91","0","1","84.03","299.89","59.97","238.73",서울시 서초구 서운로 62,서울시 서초구 서초동,,,,,,,"124311","1","61","40","51","11","1165010800",아파트,"1165017550000","33",0.046411225040475,0.116567728008635,0.195898542903399,0.251124302932181,0.205072854830005
"1165010851","11650",서울시 서초구 서초동 1685,"1685","0",서초동,삼풍,37.499178999999998,127.016032999999993,24동,"현대,우성","1988","2390",지역난방,열병합,15층,9층,"1.58","1","0","107.48","192.9","79.47","165.92",서울시 서초구 서초중앙로 200,서울시 서초구 서초동,,,,,,,"481","1","40","39","19","11","1165010800",아파트,"1165016850000","32",0.105636105963152,0.087430502561866,0.151858715796357,0.284966750245283,0.180420800174423
"1165010703","11650",서울시 서초구 반포동 1124,"1124","0",반포동,반포주공1단지,37.500802000000000,126.988427999999999,99동,대한주택공사,"1973","3590",중앙난방,도시가스,6층,5층,"0.55","1","-","72.73","204.96","72.51","196.8",서울시 서초구 신반포로 32,서울시 서초구 반포동,,,,,,,"453","1","195","0","0","11","1165010700",재건축,"1165011240000","22",0.059623574666850,0.103448275862068,0.161011127902183,0.235471905481521,0.225855199890093
"1165010717","11650",서울시 서초구 반포동 60-4,"60","4",반포동,반포미도1차,37.502254000000001,127.008810999999994,8동,,"1987","1260",지역난방,열병합,15층,15층,"1.07","1","0","110.46","110.46","84.96","84.96",서울시 서초구 서초중앙로29길 28,서울시 서초구 반포동,,,,,,,"444","1","34","38","28","11","1165010700",아파트,"1165000600004","33",0.082488299531982,0.101014040561623,0.169266770670827,0.272035881435258,0.202223088923556
"1165010312","11650",서울시 서초구 우면동 773,"773","0",우면동,서초힐스,37.457459999999998,127.018151000000003,12동,(주)서희건설,"2012","1082",개별난방,도시가스,25층,12층,"1.17","0","1","81.96","116.29","59.89","84.98",서울시 서초구 양재대로2길 90,서울시 서초구 우면동,,,,,,,"103577","1","23","54","10","11","1165010300",아파트,"1165007730000","35",0.073884178005653,0.111391572996779,0.168395451258792,0.229014658515744,0.199697627029515
"1165010849","11650",서울시 서초구 서초동 1682,"1682","0",서초동,서초래미안,37.498528000000000,127.019039000000006,13동,삼성물산,"2003","1129",개별난방,열병합,27층,10층,"1.61","1","0","112.73","167.09","84.95","127.66",서울시 서초구 서초대로65길 13-10,서울시 서초구 서초동,,,,,,,"1285","1","24","27","17","11","1165010800",아파트,"1165016820000","44",0.076544789762340,0.111663619744059,0.167312614259598,0.263254113345521,0.191700182815356
"1165010901","11650",서울시 서초구 내곡동 411,"411","0",내곡동,서초더샵포레,37.452674000000002,127.063434999999998,26동,(주)포스코건설,"2014","1264",개별난방,도시가스,20층,2층,"1.39","0","0","80.7","153.1","59.69","114.71",서울시 서초구 헌릉로8길 58,서울시 서초구 내곡동,,,,,,,"107901","1","47","26","15","11","1165010900",아파트,"1165004110000","46",0.000000000000000,0.004576659038902,0.160183066361557,0.347826086956524,0.288329519450803
"1165010902","11650",서울시 서초구 내곡동 384,"384","0",내곡동,서초포레스타2단지,37.455376999999999,127.061220000000006,13동,"고려개발(주),동원건설산업(주)","2015","1077",개별난방,도시가스,21층,11층,"1.1","0","-","87.56","124.35","59.09","84.87",서울시 서초구 헌릉로8길 45,서울시 서초구 내곡동,,,,,,,"108832","1","7","5","4","11","1165010900",아파트,"1165003840000","37",0.035196445275959,0.101613657623948,0.192528063610851,0.238189897100094,0.200654817586530
"1165010307","11650",서울시 서초구 우면동 717,"717","0",우면동,서초네이처힐3단지,37.464722000000002,127.027901999999997,17동,진흥기업(주),"2013","1251",개별난방,도시가스,19층,12층,"1.13","0","1","112.06","151.95","84.61","114.79",서울시 서초구 태봉로2길 60,서울시 서초구 우면동,,,,,,,"105171","1","7","6","1","11","1165010300",아파트,"1165007170000","46",0.078966939355012,0.103508890541545,0.167601920086538,0.252721249408422,0.190453654249204
"1165010726","11650",서울시 서초구 반포동 1-1번지 일원,"1","1",반포동,래미안원베일리,37.506799999999998,126.998185000000007,23동,삼성물산㈜,"2023","2990",지역난방,열병합,35층,11층,"1.82","0","1","62.68","315.31","46.93","234.96",,서울시 서초구 반포동,,,,,,,"142155","1","11","0","0","11","1165010700",아파트분양권,"1165000010001","24",0.036184210526315,0.116973684210525,0.198421052631576,0.253026315789470,0.219473684210523
"1165010706","11650",서울시 서초구 반포동 1341,"1341","0",반포동,반포래미안아이파크,37.501879000000002,127.013411000000005,11동,"에이치디씨현대산업개발(주),삼성물산(주)","2018","829",지역난방,열병합,34층,9층,"1.6","0","-","77.27","196.96","49.84","150.96",서울시 서초구 서초중앙로 220,서울시 서초구 반포동,,,,,,,"112008","1","30","65","57","11","1165010700",아파트,"1165013410000","34",0.064787966654585,0.123640811888365,0.189334903950706,0.263954331279448,0.174836897426603
"1165010648","11650",서울시 서초구 잠원동 162,"162","0",잠원동,반포센트럴자이,37.507069000000001,127.001700999999997,7동,지에스건설(주),"2020","757",지역난방,열병합,35층,20층,"1.58","0","1","82.17","155.55","59.97","114.96",서울시 서초구 반포대로 310-6,서울시 서초구 잠원동,,,,,,,"118947","1","46","64","57","11","1165010600",아파트,"1165001620000","35",0.058635525507068,0.106207744314689,0.172341733251381,0.250030731407495,0.216840811309155
"1165010646","11650",서울시 서초구 잠원동 157,"157","0",잠원동,동아,37.509143999999999,127.010552000000004,8동,동아건설산업(주),"2002","991",개별난방,도시가스,20층,6층,"1.03","1","0","81.33","109.07","59.8","84.91",서울시 서초구 신반포로33길 15,서울시 서초구 잠원동,,,,,,,"3009","1","91","81","57","11","1165010600",아파트,"1165001570000","33",0.071728755609374,0.117743429019160,0.164684094308711,0.254220386067383,0.201296388631668
"1165010802","11650",서울시 서초구 서초동 1311-10,"1311","10",서초동,서초푸르지오써밋,37.501348000000000,127.021151000000003,7동,(주)대우건설,"2017","907",지역난방,열병합,35층,11층,"1.41","0","-","80.96","160.83","59.62","120.98",서울시 서초구 서운로 201,서울시 서초구 서초동,,,,,,,"109119","1","70","61","86","11","1165010800",아파트,"1165013110010","34",0.055191591648206,0.123957204128764,0.191591648206626,0.262572465475796,0.199462695008718
"1165010140","11650",서울시 서초구 방배동 1028-1,"1028","1",방배동,방배그랑자이,37.476841000000000,126.999627000000004,8동,지에스건설(주),"2021","758",지역난방,열병합,20층,16층,"1.98","0","1","72.91","170.8","54.99","133.87",서울시 서초구 방배로 21,서울시 서초구 방배동,,,,,,,"125757","1","11","11","7","11","1165010100",아파트,"1165010280001","33",0.029011695025849,0.102494604226271,0.175425387742809,0.228881192591477,0.229433318275360
"1165010713","11650",서울시 서초구 반포동 1342,"1342","0",반포동,반포써밋,37.501559999999998,127.017953000000006,8동,(주)대우건설,"2018","764",지역난방,열병합,35층,9층,"1.56","0","1","77.86","170.68","59.32","133.04",서울시 서초구 고무래로 89,서울시 서초구 반포동,,,,,,,"111687","1","28","22","44","11","1165010700",아파트,"1165013420000","33",0.072416144832289,0.102796205592411,0.181970363940727,0.273234546469092,0.188666377332753
"1165010603","11650",서울시 서초구 잠원동 159,"159","0",잠원동,아크로리버뷰신반포,37.514868000000000,127.007489000000007,5동,대림산업(주),"2018","595",개별난방,도시가스,35층,28층,"1.49","0","1","109.57","117.92","78.48","84.82",서울시 서초구 잠원로 117,서울시 서초구 잠원동,,,,,,,"113295","1","66","87","75","11","1165010600",아파트,"1165001590000","33",0.059411262528852,0.111645113352515,0.178992632876972,0.237139153255129,0.206089733455591
"1165010803","11650",서울시 서초구 서초동 1312-3,"1312","3",서초동,롯데캐슬클래식,37.500515000000000,127.021805999999998,15동,롯데건설(주),"2006","990",지역난방,열병합,27층,15층,"1.45","0","0","94.91","154.9","74.3","133.45",서울시 서초구 서운로 197,서울시 서초구 서초동,,,,,,,"11844","1","70","76","71","11","1165010800",아파트,"1165013120003","32",0.048681275423172,0.117307439968507,0.191838341425007,0.268731137645975,0.209946201285917
"1165010852","11650",서울시 서초구 서초동 1685-3,"1685","3",서초동,아크로비스타,37.498694000000000,127.013030999999998,3동,대림산업(주),"2004","757",지역난방,열병합,37층,22층,"2.7","0","1","128.37","305.47","101.81","242.26",서울시 서초구 서초중앙로 188,서울시 서초구 서초동,,,,,,,"3104","1","33","9","1","11","1165010800",아파트,"1165016850003","53",0.088776858167309,0.100827649421724,0.163218127409485,0.265562235462217,0.179130833310868
"1165010604","11650",서울시 서초구 잠원동 160,"160","0",잠원동,신반포자이,37.510165999999998,127.008408000000003,7동,㈜GS건설,"2018","607",지역난방,열병합,28층,23층,"1.61","0","1","85.34","203.13","59.35","153.98",서울시 서초구 잠원로 60,서울시 서초구 잠원동,,,,,,,"111703","1","51","71","57","11","1165010600",아파트,"1165001600000","35",0.069476457029963,0.099028646690813,0.146032268686203,0.253951267698385,0.221929535726044
"1165010725","11650",서울시 서초구 반포동 32-8,"32","8",반포동,디에이치라클라스,37.500695000000000,127.014008000000004,6동,현대건설(주),"2021","848",지역난방,열병합,35층,15층,"1.8","0","1","69.11","173.86","50.98","132.98",서울시 서초구 서초중앙로 206,서울시 서초구 반포동,,,,,,,"125080","1","22","19","37","11","1165010700",아파트,"1165000320008","33",0.083673469387755,0.096638655462184,0.177511004401760,0.275630252100840,0.170748299319727
"1165010854","11650",서울시 서초구 서초동 1687,"1687","0",서초동,유원서초,37.496155000000002,127.018584000000004,4동,유원건설(주),"1993","590",지역난방,열병합,18층,12층,"0.7","1","0","105.8","105.86","84.82","84.87",서울시 서초구 서초중앙로24길 43,서울시 서초구 서초동,,,,,,,"491","1","20","22","18","11","1165010800",아파트,"1165016870000","32",0.040591300133285,0.134072458499939,0.195807585120562,0.219738276990185,0.203441172906821
"1165010855","11650",서울시 서초구 서초동 1754,"1754","0",서초동,래미안서초에스티지S,37.492859000000003,127.027120999999994,5동,삼성물산(주),"2018","593",지역난방,열병합,32층,16층,"1.44","0","-","111.13","171.74","84.17","134.27",서울시 서초구 서운로 104,서울시 서초구 서초동,,,,,,,"111665","1","28","43","18","11","1165010800",아파트,"1165017540000","33",0.048651484023255,0.123923591379988,0.202430388599903,0.253835730209380,0.192026926607509
"1165010811","11650",서울시 서초구 서초동 1333,"1333","0",서초동,신동아1차,37.492018000000002,127.023953000000006,6동,신동아건설(주),"1978","893",중앙난방,열병합,13층,13층,"1","1","-","82.17","170.14","75.86","157.2",서울시 서초구 사임당로 137,서울시 서초구 서초동,,,,,,,"484","1","64","15","3","11","1165010800",재건축,"1165013330000","28",0.039412034910427,0.195429490124024,0.209393661001378,0.214124942581534,0.169912723932016
"1165010201","11650",서울시 서초구 양재동 154-2,"154","2",양재동,양재우성,37.474905000000000,127.031343000000007,10동,우성건설,"1991","794",중앙난방,도시가스,15층,12층,"0.94","1","1","89.42","101.38","73.15","84.91",서울시 서초구 바우뫼로 91,서울시 서초구 양재동,,,,,,,"504","1","25","11","3","11","1165010200",아파트,"1165001540002","30",0.034562846907846,0.109120969964178,0.184486084320750,0.242746919655159,0.219107979372515
"1165010619","11650",서울시 서초구 잠원동 56-3,"56","3",잠원동,잠원한신,37.515999999999998,127.010428000000005,7동,한신공영,"1992","540",지역난방,열병합,15층,15층,"1","1","0","94.42","94.42","84.52","84.52",서울시 서초구 잠원로 150,서울시 서초구 잠원동,,,,,,,"517","1","25","22","15","11","1165010600",아파트,"1165000560003","28",0.058534831957751,0.108138747183167,0.180567652385495,0.240747653214992,0.206309706496343
"1165010311","11650",서울시 서초구 우면동 753,"753","0",우면동,서초호반써밋,37.456552000000002,127.013064999999997,6동,울트라건설(주),"2013","550",개별난방,도시가스,25층,21층,"2","0","1","128.07","213.47","101.01","165.5",서울시 서초구 양재대로2길 109,서울시 서초구 우면동,,,,,,,"103648","1","16","11","5","11","1165010300",아파트,"1165007530000","38",0.053210185112864,0.113625712723580,0.183140670155432,0.234573927985628,0.209677419354838
"1165010602","11650",서울시 서초구 잠원동 158,"158","0",잠원동,래미안신반포팰리스,37.515289000000003,127.012151000000003,7동,삼성물산(주),"2016","843",지역난방,열병합,35층,15층,"1.55","0","-","111.79","169.02","84.42","133.06",서울시 서초구 잠원로8길 35,서울시 서초구 잠원동,,,,,,,"108228","1","40","67","60","11","1165010600",아파트,"1165001580000","33",0.069686411149826,0.105260200067438,0.168090367539620,0.248454535236597,0.206642688546701
"1165010116","11650",서울시 서초구 방배동 424-28,"424","28",방배동,방배롯데캐슬아르떼,37.483848000000002,126.984675999999993,11동,롯데건설(주),"2013","744",개별난방,도시가스,18층,10층,"1.57","0","1","84.27","251.51","59.97","216.27",서울시 서초구 방배천로18길 11,서울시 서초구 방배동,,,,,,,"104449","1","17","7","5","11","1165010100",아파트,"1165004240028","33",0.009798432250840,0.118141097424414,0.198488241881299,0.230683090705489,0.224804031354985
"1165010109","11650",서울시 서초구 방배동 1344,"1344","0",방배동,방배현대홈타운1차,37.489189000000003,126.983417000000003,8동,현대건설(주),"1999","644",개별난방,도시가스,20층,11층,"1.23","1","1","85.04","163.97","59.94","134.76",서울시 서초구 서초대로1길 30,서울시 서초구 방배동,,,,,,,"464","1","26","15","12","11","1165010100",아파트,"1165013440000","25",0.052487106970554,0.116037265014140,0.167609382798202,0.212776576276824,0.212693395441688
"1165010804","11650",서울시 서초구 서초동 1315,"1315","0",서초동,진흥,37.497326000000001,127.022910999999993,7동,진흥기업(주),"1979","615",지역난방,열병합,15층,15층,"1.21","1","0","107.5","172.16","101.32","160.46",서울시 서초구 서초대로 385,서울시 서초구 서초동,,,,,,,"492","1","14","21","10","11","1165010800",아파트,"1165013150000","32",0.038764626283531,0.130701265621268,0.182997691634163,0.248348324444797,0.218259969752446
"1165010102","11650",서울시 서초구 방배동 1008-2,"1008","2",방배동,방배래미안아트힐,37.477688000000001,127.005110999999999,10동,삼성물산(주),"2004","588",개별난방,도시가스,24층,17층,"2.11","0","1","126.48","201.28","105.27","174.5",서울시 서초구 남부순환로 2311-12,서울시 서초구 방배동,,,,,,,"9521","1","19","2","0","11","1165010100",아파트,"1165010080002","46",0.063541183145081,0.112950642116663,0.159678168033420,0.188508948372787,0.198153592243023
"1165010829","11650",서울시 서초구 서초동 1446-11,"1446","11",서초동,현대슈퍼빌,37.482824999999998,127.016088999999994,4동,현대건설(주),"2003","645",지역난방,열병합,46층,22층,"2.37","0","0","204.96","337.19","147.86","244.66",서울시 서초구 서초중앙로 15,서울시 서초구 서초동,,,,,,,"3410","1","15","4","0","11","1165010800",아파트,"1165014460011","69",0.030307617778854,0.112995034516167,0.194774131040328,0.233438294780185,0.215392999878889
"1165011104","11650",서울시 서초구 신원동 619,"619","0",신원동,서초포레스타6단지,37.449807000000000,127.055535000000006,11동,계룡건설산업(주),"2015","585",개별난방,도시가스,7층,7층,"1.05","0","-","86.35","121.75","59.93","84.79",서울시 서초구 청계산로9길 1-12,서울시 서초구 신원동,,,,,,,"108834","1","9","3","1","11","1165011100",아파트,"1165006190000","26",0.032711157847298,0.122732564689976,0.186727757539339,0.232771247230254,0.188643106621098
"1165011102","11650",서울시 서초구 신원동 579,"579","0",신원동,서초포레스타5단지,37.451523999999999,127.057119999999998,11동,"한신공영(주), 에이스종합건설(주)","2014","547",개별난방,도시가스,17층,5층,"1.27","0","-","80.4","154.33","59.93","114.92",서울시 서초구 청계산로7길 43,서울시 서초구 신원동,,,,,,,"107903","1","14","10","2","11","1165011100",아파트,"1165005790000","34",0.000000000000000,0.000000000000000,0.148148148148148,0.462962962962963,0.370370370370370
"1165010621","11650",서울시 서초구 잠원동 58-16,"58","16",잠원동,신반포10차,37.512467999999998,127.013710000000003,5동,한신공영(주),"1981","876",지역난방,열병합,12층,12층,"0","1","-","57.64","81.69","53.88","76.32",서울시 서초구 나루터로4길 39,서울시 서초구 잠원동,,,,,,,"519","1","8","0","0","11","1165010600",재건축,"1165000580016","17",0.052471258720644,0.113540336051881,0.192443745701089,0.245504569126460,0.196767220202416
"1165010626","11650",서울시 서초구 잠원동 60-3,"60","3",잠원동,신반포8차,37.511336999999997,127.012084000000002,9동,한신공영(주),"1981","864",지역난방,열병합,12층,12층,"0","1","0","56.43","154.86","52.74","143.03",서울시 서초구 나루터로4길 28,서울시 서초구 잠원동,,,,,,,"536","1","9","0","0","11","1165010600",재건축,"1165000600003","17",0.062898754050172,0.157096569462537,0.191902996292213,0.224204162073688,0.174199151551591
"1165010651","11650",서울시 서초구 잠원동 74-1번지 외 1필지,"74","1",잠원동,반포르엘,37.507392000000003,127.003005999999999,7동,롯데건설(주),"2022","596",지역난방,열병합,35층,25층,"1.77","0","1","79.34","156.21","59.94","121.6",,서울시 서초구 잠원동,,,,,,,"128008","1","85","298","288","11","1165010600",아파트분양권,"1165000740001","38",0.072565091610414,0.125843780135004,0.163050466088073,0.243892639022821,0.202989392478301
"1165010801","11650",서울시 서초구 서초동 1301-6,"1301","6",서초동,래미안서초스위트,37.502178999999998,127.020358999999999,3동,삼성물산(주),"2009","392",지역난방,열병합,31층,21층,"1.28","-","0","80.1","125.96","59.99","95.8",서울시 서초구 서운로 221,서울시 서초구 서초동,,,,,,,"25772","1","52","47","19","11","1165010800",아파트,"1165013010006","34",0.058636378098056,0.119563488275905,0.193280519232604,0.260029906779930,0.196589354458973
"1165010853","11650",서울시 서초구 서초동 1686-9,"1686","9",서초동,서초교대e편한세상,37.496937000000003,127.017375000000001,6동,대림산업(주),"2010","435",지역난방,열병합,20층,11층,"1.75","-","0","81.47","224.42","59.9","176.35",서울시 서초구 서초중앙로24길 33,서울시 서초구 서초동,,,,,,,"101344","1","28","8","8","11","1165010800",아파트,"1165016860009","34",0.041041090478072,0.120308178585539,0.189994073488738,0.226096404583167,0.211971552745949
"1165010810","11650",서울시 서초구 서초동 1332-13,"1332","13",서초동,래미안서초에스티지,37.492832999999997,127.025171999999998,4동,삼성물산(주),"2016","421",지역난방,열병합,33층,15층,"1.47","-","1","85.16","183.93","59.99","144.99",서울시 서초구 서운로 107,서울시 서초구 서초동,,,,,,,"110364","1","17","11","3","11","1165010800",아파트,"1165013320013","33",0.044900862452209,0.113719214012624,0.184760380545921,0.257224148661863,0.208677869654128
"1165010707","11650",서울시 서초구 반포동 16-6,"16","6",반포동,반포힐스테이트,37.501541000000003,126.996877999999995,5동,현대건설(주),"2012","397",지역난방,열병합,29층,25층,"1.76","-","0","86.6","190.99","59.7","155.95",서울시 서초구 신반포로16길 15-20,서울시 서초구 반포동,,,,,,,"100512","1","21","19","9","11","1165010700",아파트,"1165000160006","35",0.053502014276627,0.104530355502155,0.174711993780479,0.255353735246307,0.213654675242066
"1165010615","11650",서울시 서초구 잠원동 53-15,"53","15",잠원동,강변,37.517893000000001,127.012698999999998,4동,한신공영,"1987","360",지역난방,도시가스,15층,15층,"0.9","-","0","89.35","101.08","66.29","84.53",서울시 서초구 잠원로 166-17,서울시 서초구 잠원동,,,,,,,"511","1","20","13","15","11","1165010600",아파트,"1165000530015","30",0.049365014338386,0.103291000955893,0.183176293868633,0.242141198962174,0.212658746415404
"1165010313","11650",서울시 서초구 우면동 789,"789","0",우면동,LH서초5단지,37.459319999999998,127.025146000000007,3동,울트라건설(주) 외1,"2013","358",개별난방,도시가스,25층,13층,"1.17","-","1","81.97","116.25","59.93","84.99",서울시 서초구 양재대로2길 11,서울시 서초구 우면동,,,,,,,"104034","1","17","34","13","11","1165010300",아파트,"1165007890000","35",0.039992119779354,0.104609929078014,0.205017073811400,0.270619910690833,0.209154189650643
"1165010808","11650",서울시 서초구 서초동 1326-17,"1326","17",서초동,우성5차,37.494501999999997,127.026893999999999,2동,(주)우성건설,"1998","408",지역난방,도시가스,23층,19층,"1","-","1","74.48","167.83","57.26","134.91",서울시 서초구 서초대로74길 30,서울시 서초구 서초동,,,,,,,"490","1","17","29","18","11","1165010800",아파트,"1165013260017","24",0.041719037029875,0.160640046408198,0.213477714396209,0.235956685681136,0.184279222662669
"1165010611","11650",서울시 서초구 잠원동 50-5,"50","5",잠원동,신반포12차,37.516072999999999,127.014838999999995,3동,수도배관(공용배관) 교체완료(2021년),"1982","324",한신공영,(주),12층,12층,"0.96","-","0","59.35","114.1","55.45","106.19",서울시 서초구 잠원로14길 41,서울시 서초구 잠원동,,,,,,,"308","1","13","19","9","11","1165010600",재건축,"1165000500005","17",0.057658909343522,0.107155262243834,0.173289336575199,0.253143452587703,0.215769364362625
"1165010633","11650",서울시 서초구 잠원동 63-2,"63","2",잠원동,신반포청구,37.514333999999998,127.008403000000001,2동,주식회사 청구,"1998","347",개별난방,도시가스,18층,14층,"0","-","0","80.09","109.65","59.55","84.86",서울시 서초구 신반포로33길 66,서울시 서초구 잠원동,,,,,,,"518","1","31","23","6","11","1165010600",아파트,"1165000630002","33",0.056057082035715,0.107777821579216,0.179012102337682,0.243860133243978,0.211771198801592
"1165010617","11650",서울시 서초구 잠원동 55-12,"55","12",잠원동,신반포16차,37.517508999999997,127.009910000000005,2동,한신공영(주),"1983","396",지역난방,열병합,11층,11층,"0","-","0","57.58","91.49","52.32","83.12",서울시 서초구 잠원로 157,서울시 서초구 잠원동,,,,,,,"8149","1","34","29","12","11","1165010600",아파트,"1165000550012","17",0.044069772400950,0.114339735297044,0.188846082765876,0.238147363632487,0.211776580469983
"1165010138","11650",서울시 서초구 방배동 3278,"3278","0",방배동,방배아트자이,37.480072000000000,127.002325999999996,5동,지에스건설(주),"2018","353",지역난방,열병합,15층,10층,"1.62","-","-","80.56","159.29","59.9","126.62",서울시 서초구 명달로9길 57,서울시 서초구 방배동,,,,,,,"115037","1","28","15","7","11","1165010100",아파트,"1165032780000","32",0.078347989044255,0.110206140983133,0.169093267983277,0.155326510018740,0.191365143433760
"1165010110","11650",서울시 서초구 방배동 2001,"2001","0",방배동,방배현대홈타운2차,37.490473000000001,126.983840000000001,6동,현대건설,"2001","384",개별난방,도시가스,20층,14층,"1.26","-","0","81.58","176.05","59.86","147.26",서울시 서초구 서초대로1길 34,서울시 서초구 방배동,,,,,,,"3346","1","16","4","6","11","1165010100",아파트,"1165020010000","32",0.053238276005740,0.107680199990741,0.166149715290958,0.212490162492476,0.212166103421137
"1165010314","11650",서울시 서초구 우면동 788,"788","0",우면동,서초LH4단지,37.458205999999997,127.023515000000003,4동,울트라건설(주),"2013","424",개별난방,도시가스,25층,21층,"0","0","1","71.15","116.53","51.89","84.99",서울시 서초구 양재대로2길 33,서울시 서초구 우면동,,,,,,,"132779","1","14","28","33","11","1165010300",아파트,"1165007880000","21",0.073495022382574,0.108104496559096,0.173849134763145,0.252154740428943,0.192757399612479
"1165010809","11650",서울시 서초구 서초동 1330,"1330","0",서초동,삼성쉐르빌II,37.493960000000001,127.027794999999998,1동,삼성중공업(주),"2002","365",개별난방,도시가스,21층,12층,"0.73","-","0","50.59","101.38","35.17","70.49",서울시 서초구 강남대로53길 11,서울시 서초구 서초동,,,,,,,"9615","1","22","21","10","11","1165010800",아파트,"1165013300000","15",0.044403120464441,0.165729317851959,0.214554608127721,0.234647133526850,0.179585449927431
"1165011101","11650",서울시 서초구 신원동 568,"568","0",신원동,서초포레스타3단지,37.454872999999999,127.058976999999999,8동,한신공영(주)외1,"2014","482",개별난방,도시가스,19층,9층,"1.25","-","1","82.02","155.43","59.93","114.81",서울시 서초구 헌릉로8길 22,서울시 서초구 신원동,,,,,,,"107902","1","10","4","3","11","1165011100",아파트,"1165005680000","24",0.000000000000000,0.017429193899782,0.150326797385621,0.355119825708061,0.322440087145970
"1165010610","11650",서울시 서초구 잠원동 50-1,"50","1",잠원동,롯데캐슬갤럭시2차,37.518662999999997,127.016434000000004,8동,롯데건설주식회사,"2004","428",지역난방,열병합,28층,10층,"1.99","-","0","128.98","168.28","109.56","148.86",서울시 서초구 잠원로14길 23,서울시 서초구 잠원동,,,,,,,"8502","1","16","8","13","11","1165010600",아파트,"1165000500001","46",0.038863976083707,0.107968264918936,0.181096929975851,0.262274347476136,0.227549729791879
"1165010827","11650",서울시 서초구 서초동 1445-14,"1445","14",서초동,더샵서초,37.484115000000003,127.018344999999997,3동,(주)포스코건설,"2006","329",지역난방,열병합,32층,20층,"3.42","-","1","43.93","286.95","30.39","235.86",서울시 서초구 서초중앙로2길 21,서울시 서초구 서초동,,,,,,,"12232","1","16","13","2","11","1165010800",아파트,"1165014450014","14",0.034690634076834,0.110730531046199,0.185729160957965,0.229681591494491,0.214446210335945
"1165010647","11650",서울시 서초구 잠원동 161,"161","0",잠원동,래미안신반포리오센트,37.518478000000002,127.013762000000000,6동,삼성물산㈜,"2019","475",지역난방,열병합,32층,15층,"1.81","0","1","85.91","172.8","59.92","133.37",서울시 서초구 잠원로14길 32,서울시 서초구 잠원동,,,,,,,"114533","1","39","17","9","11","1165010600",아파트,"1165001610000","52",0.052351983548967,0.110359009510752,0.177448376317367,0.250963927684001,0.219861194413501
"1165010828","11650",서울시 서초구 서초동 1445-4,"1445","4",서초동,래미안서초유니빌,37.484561999999997,127.016914999999997,1동,삼성물산(주),"2003","440",개별난방,도시가스,24층,18층,"0.82","-","1","46.34","90.38","34.05","66.41",서울시 서초구 서초중앙로 26,서울시 서초구 서초동,,,,,,,"11539","1","18","8","7","11","1165010800",아파트,"1165014450004","18",0.038869868463529,0.143398851499735,0.179408836086370,0.213250037510402,0.199277981622178
"1165010858","11650",서울시 서초구 서초동 1582-3,"1582","3",서초동,서초센트럴아이파크,37.486803999999999,127.011758000000000,2동,현대산업개발(주),"2020","318",개별난방,도시가스,33층,33층,"1.14","0","1","104.92","107.07","80.5","80.59",서울시 서초구 반포대로18길 36,서울시 서초구 서초동,,,,,,,"118791","1","15","20","16","11","1165010800",아파트,"1165015820003","31",0.061433257352532,0.143158948129204,0.194918552287762,0.218963696002668,0.193945627397564
"1165010718","11650",서울시 서초구 반포동 60-5,"60","5",반포동,반포미도2차,37.502504000000002,127.007462000000004,3동,한보주택건설,"1989","435",지역난방,열병합,15층,15층,"1","-","0","76.99","92.94","59.07","71.49",서울시 서초구 사평대로 240,서울시 서초구 반포동,,,,,,,"445","1","14","17","11","11","1165010700",아파트,"1165000600005","28",0.043150781359989,0.145924257356046,0.182669294664226,0.227720681402224,0.202308883570322
"1165010130","11650",서울시 서초구 방배동 866-20,"866","20",방배동,방배대우디오빌,37.485970999999999,126.984240999999997,1동,(주)대우건설,"2005","412",개별난방,도시가스,22층,4층,"1.06","-","0","38.67","50.51","28.84","37.67",서울시 서초구 서초대로 17,서울시 서초구 방배동,,,,,,,"19698","1","24","6","2","11","1165010100",아파트,"1165008660020","12",0.036313465783664,0.107615894039735,0.189679911699779,0.225827814569536,0.209326710816776
"1165010608","11650",서울시 서초구 잠원동 49-8,"49","8",잠원동,한강,37.521490999999997,127.015231000000000,5동,한신공영(주),"1989","450",지역난방,열병합,15층,11층,"1","-","0","94.84","103.75","76.68","84.53",서울시 서초구 잠원로 213-10,서울시 서초구 잠원동,,,,,,,"541","1","12","24","11","11","1165010600",아파트,"1165000490008","31",0.036038836371615,0.105977217458083,0.188696494852901,0.245945402351393,0.222925161361102
"1165010134","11650",서울시 서초구 방배동 906-13,"906","13",방배동,방배서리풀e-편한세상,37.484312000000003,126.998446999999999,9동,대림산업(주),"2010","496",개별난방,도시가스,15층,8층,"1.88","-","1","83.92","210.7","59.94","164.46",서울시 서초구 효령로33길 50,서울시 서초구 방배동,,,,,,,"25778","1","16","5","10","11","1165010100",아파트,"1165009060013","33",0.044882860665845,0.122071516646118,0.171393341553640,0.226633785450065,0.204685573366217
"1165010123","11650",서울시 서초구 방배동 770-1,"770","1",방배동,삼호1차,37.495334999999997,126.987686999999994,3동,삼호,"1975","419",지역난방,열병합,12층,12층,"2.38","-","0","80.85","164.16","78.02","162.77",서울시 서초구 방배로43길 5,서울시 서초구 방배동,,,,,,,"947","1","23","21","18","11","1165010100",아파트,"1165007700001","24",0.091298891445305,0.118977898626508,0.144042390016036,0.236840270515235,0.203165307118456
"1165010120","11650",서울시 서초구 방배동 754-1,"754","1",방배동,롯데캐슬헤론,37.496713000000000,126.984468000000007,5동,롯데건설(주),"2006","337",개별난방,도시가스,29층,12층,"2.32","-","0","115.58","211.3","95.66","174.89",서울시 서초구 동광로1길 112,서울시 서초구 방배동,,,,,,,"25726","1","18","2","2","11","1165010100",아파트,"1165007540001","35",0.047008408271921,0.120426581826446,0.165048858877382,0.231941693990845,0.215839366295491
"1165010820","11650",서울시 서초구 서초동 1346,"1346","0",서초동,현대,37.485942000000001,127.023522999999997,5동,현대산업개발,"1989","412",지역난방,열병합,15층,3층,"1","-","-","91.52","109.27","62.05","84.8",서울시 서초구 효령로72길 14,서울시 서초구 서초동,,,,,,,"840","1","16","11","4","11","1165010800",아파트,"1165013460000","31",0.035114883733790,0.108026654132219,0.184919954654795,0.245970083225038,0.217408134487238
"1165010301","11650",서울시 서초구 우면동 57,"57","0",우면동,대림,37.473128000000003,127.023475000000005,6동,대림산업,"1995","412",중앙난방,도시가스,15층,14층,"1.58","-","0","155.59","155.59","130.89","130.89",서울시 서초구 바우뫼로7길 51,서울시 서초구 우면동,,,,,,,"507","1","18","7","0","11","1165010300",아파트,"1165000570000","47",0.025341130604288,0.091872192558691,0.156623442664632,0.221798457496397,0.217137045512330
"1165010721","11650",서울시 서초구 반포동 70-1,"70","1",반포동,한신서래,37.499290000000002,127.000860000000003,4동,한신공영(주),"1987","414",지역난방,열병합,12층,8층,"1.29","-","1","67.44","175.47","45.72","147.67",서울시 서초구 사평대로28길 31,서울시 서초구 반포동,,,,,,,"459","1","11","7","2","11","1165010700",아파트,"1165000700001","27",0.034233048057933,0.112310730743909,0.201579986833441,0.252534562211979,0.211454904542460
"1165010112","11650",서울시 서초구 방배동 2525,"2525","0",방배동,방배우성,37.474417000000003,126.982972000000004,9동,우성건설(주),"1989","468",개별난방,도시가스,12층,12층,"1","-","0","98.62","138.46","80.2","117.19",서울시 서초구 방배선행길 1,서울시 서초구 방배동,,,,,,,"471","1","11","4","2","11","1165010100",아파트,"1165025250000","41",0.027500293806558,0.162533787754143,0.203020331413797,0.205723351745211,0.205899635679869
"1165010302","11650",서울시 서초구 우면동 59,"59","0",우면동,동고,37.471401000000000,127.023757000000003,5동,(주)동양고속건설,"1995","330",개별난방,도시가스,15층,12층,"0.85","-","0","96.98","105.47","77.14","84.96",서울시 서초구 바우뫼로7길 29,서울시 서초구 우면동,,,,,,,"508","1","5","6","3","11","1165010300",아파트,"1165000590000","29",0.027934936350778,0.098656294200849,0.167432814710043,0.221888260254597,0.205622347949081
"1165010635","11650",서울시 서초구 잠원동 65-32,"65","32",잠원동,신반포7차,37.512227000000003,127.008577000000002,3동,한신공영(주),"1980","320",지역난방,열병합,10층,10층,"1","-","0","116.4","153.62","107.29","140.04",서울시 서초구 잠원로 88,서울시 서초구 잠원동,,,,,,,"535","1","14","21","1","11","1165010600",재건축,"1165000650032","46",0.071199343234570,0.123442047914023,0.170535114560788,0.235316068363311,0.197253526382565
"1165010310","11650",서울시 서초구 우면동 737,"737","0",우면동,서초네이처힐6단지,37.461494999999999,127.026712000000003,7동,(주)태영건설,"2013","382",개별난방,도시가스,17층,7층,"1.12","-","0","81.93","155.53","59.99","114.98",서울시 서초구 태봉로2길 30,서울시 서초구 우면동,,,,,,,"105172","1","2","1","0","11","1165010300",아파트,"1165007370000","24",0.086753886614068,0.099204367655381,0.161323612636905,0.257731615566429,0.192216784846365
"1165010840","11650",서울시 서초구 서초동 1593-7,"1593","7",서초동,서초이오빌,37.486601999999998,127.012986999999995,1동,경남기업(주),"2003","462",개별난방,도시가스,24층,24층,"0.72","-","0","48.96","78.09","36.66","58.48",서울시 서초구 효령로53길 45,서울시 서초구 서초동,,,,,,,"12234","1","11","2","0","11","1165010800",아파트,"1165015930007","14",0.050100248233721,0.146243078098148,0.199923620393355,0.225248233721596,0.197656100821081
"1165010118","11650",서울시 서초구 방배동 725,"725","0",방배동,삼호4차,37.497433999999998,126.989671999999999,6동,삼호주택,"1983","481",지역난방,열병합,13층,12층,"0","-","0","113.05","202.95","105.04","185.46",서울시 서초구 방배로 270,서울시 서초구 방배동,,,,,,,"470","1","8","4","1","11","1165010100",아파트,"1165007250000","61",0.047692093152977,0.094617208199693,0.175359085204295,0.245851345697950,0.225979640217543
"1165010103","11650",서울시 서초구 방배동 1011-1,"1011","1",방배동,임광3차,37.476287999999997,127.002686999999995,4동,임광토건(주),"1988","316",중앙난방,도시가스,10층,10층,"0","-","-","58.25","128.29","44.61","100.82",서울시 서초구 방배로2길 24-6,서울시 서초구 방배동,,,,,,,"474","1","11","1","1","11","1165010100",아파트,"1165010110001","26",0.069610624563134,0.110439537847949,0.168825295012539,0.176102956292914,0.195674519962171
"1165010104","11650",서울시 서초구 방배동 1015,"1015","0",방배동,"임광1,2차",37.476908000000002,127.002419000000003,6동,임광토건(주),"1985","418",중앙난방,도시가스,11층,11층,"1.1","-","0","116.28","160.67","84.78","136.38",서울시 서초구 방배로 14,서울시 서초구 방배동,,,,,,,"472","1","6","5","3","11","1165010100",아파트,"1165010150000","48",0.061861834237880,0.107855763039278,0.158679054364823,0.185769478428846,0.203845092447796
"1165010113","11650",서울시 서초구 방배동 2626,"2626","0",방배동,방배래미안,37.472679999999997,126.984172000000001,9동,삼성물산(주),"2003","303",개별난방,도시가스,10층,7층,"1.26","-","0","78.51","135.51","59.9","114.94",서울시 서초구 방배선행길 2,서울시 서초구 방배동,,,,,,,"9035","1","9","7","2","11","1165010100",아파트,"1165026260000","32",0.012796126577901,0.121390281860626,0.197129517551443,0.231194881549368,0.241743039944665
"1165010117","11650",서울시 서초구 방배동 485-3,"485","3",방배동,방배래미안타워,37.474840000000000,126.991264999999999,4동,삼성물산(주),"2005","344",개별난방,도시가스,22층,22층,"1.86","-","1","124.65","158.44","102.93","134.96",서울시 서초구 남부순환로 2183,서울시 서초구 방배동,,,,,,,"11139","1","15","6","3","11","1165010100",아파트,"1165004850003","38",0.062967946181243,0.098963197467354,0.142920459042344,0.205207756232689,0.202865057380295
"1165010108","11650",서울시 서초구 방배동 1038,"1038","0",방배동,대우효령,37.479788999999997,126.993674999999996,6동,대우(주),"1992","364",개별난방,도시가스,13층,11층,"1","-","0","97.39","97.39","84.91","84.91",서울시 서초구 효령로 84,서울시 서초구 방배동,,,,,,,"466","1","5","6","1","11","1165010100",아파트,"1165010380000","29",0.055197867541521,0.116752101701866,0.170678695919622,0.213368874307976,0.202501537830633
"1165010105","11650",서울시 서초구 방배동 1018-1,"1018","1",방배동,삼익,37.479458999999999,127.001480999999998,4동,삼익주택건설,"1981","408",중앙난방,도시가스,15층,12층,"1.08","-","0","94.54","163.47","88.26","151.54",서울시 서초구 효령로34길 79,서울시 서초구 방배동,,,,,,,"467","1","7","0","0","11","1165010100",아파트,"1165010180001","49",0.064771573604061,0.116367738296672,0.148087986463621,0.153299492385787,0.207061477721376
"1165010139","11650",서울시 서초구 방배동 988-1,"988","1",방배동,신동아,37.481268999999998,127.001343000000006,6동,신동아건설(주),"1982","493",중앙난방,도시가스,15층,13층,"1","1","0","109.43","199.34","102.65","175.14",서울시 서초구 효령로 164,서울시 서초구 방배동,,,,,,,"469","1","9","4","0","11","1165010100",아파트,"1165009880001","33",0.066566033667129,0.116810652721808,0.143792875722738,0.148631346280847,0.209267221046673
"1165010308","11650",서울시 서초구 우면동 720,"720","0",우면동,서초네이처힐4단지,37.463718000000000,127.026309999999995,7동,진흥기업(주),"2011","409",개별난방,도시가스,15층,14층,"1.14","-","0","115.84","163.44","84.61","114.93",서울시 서초구 태봉로2길 65,서울시 서초구 우면동,,,,,,,"103238","1","7","1","0","11","1165010300",아파트,"1165007200000","35",0.094968740696635,0.084310806787734,0.152902649598094,0.275141411134265,0.188151235486751
"1165010623","11650",서울시 서초구 잠원동 58-24,"58","24",잠원동,신반포11차,37.510286999999998,127.013648000000003,4동,한신공영(주),"1981","398",지역난방,열병합,12층,11층,"2","-","-","82.34","154.86","76.4","143.03",서울시 서초구 나루터로4길 61,서울시 서초구 잠원동,,,,,,,"520","1","1","0","0","11","1165010600",재건축,"1165000580024","24",0.008645533141210,0.117915465898176,0.192843419788665,0.266330451488955,0.241834774255525
"1165011103","11650",서울시 서초구 신원동 615,"615","0",신원동,서초포레스타7단지,37.448746999999997,127.056905999999998,10동,"한신공영(주), 에이스종합건설(주)","2013","310",개별난방,도시가스,7층,6층,"0","-","-","87.67","123.42","59.81","84.79",서울시 서초구 청계산로11길 7-12,서울시 서초구 신원동,,,,,,,"107069","1","2","0","0","11","1165011100",아파트,"1165006150000","26",0.029387260471105,0.109520563508293,0.186699992425963,0.237976217526319,0.200787699765204
"1165010639","11650",서울시 서초구 잠원동 71-1,"71","1",잠원동,블루힐하우스,37.511736999999997,127.006039000000001,1동,(주)청구,"1999","125",개별난방,도시가스,19층,14층,"1.03","-","-","80.07","113.1","59.85","84.54",서울시 서초구 잠원로 85,서울시 서초구 잠원동,,,,,,,"1168","1","8","22","16","11","1165010600",아파트,"1165000710001","34",0.066213434193517,0.121415234356297,0.175515871116004,0.235218078230476,0.199741465983625
"1165010848","11650",서울시 서초구 서초동 1681-8,"1681","8",서초동,서초롯데캐슬프레지던트,37.496912000000002,127.019738000000004,3동,롯데건설(주),"2014","280",지역난방,열병합,31층,25층,"1.53","-","-","111.05","187.11","84.97","149.45",서울시 서초구 서초중앙로24길 57,서울시 서초구 서초동,,,,,,,"104694","1","10","9","10","11","1165010800",아파트,"1165016810008","33",0.044020307178202,0.124542124542124,0.183824946982841,0.247927511085404,0.206477732793521
"1165010844","11650",서울시 서초구 서초동 1641-13,"1641","13",서초동,아남,37.492964999999998,127.020717000000005,2동,아남건설(주),"1988","166",지역난방,열병합,13층,11층,"0.92","-","0","92.08","103.18","71.1","84.96",서울시 서초구 사임당로23길 53,서울시 서초구 서초동,,,,,,,"485","1","1","6","1","11","1165010800",아파트,"1165016410013","31",0.027736747086821,0.101427868045298,0.191859510914163,0.271787296898078,0.229443623830624
"1165010724","11650",서울시 서초구 반포동 30-15,"30","15",반포동,반포센트레빌아스테리움,37.503301000000000,127.016171999999997,2동,동부건설(주),"2021","108",지역난방,열병합,20층,19층,"1.62","0","1","76.58","114.62","59.99","88.93",,서울시 서초구 반포동,,,,,,,"127833","1","2","7","7","11","1165010700",아파트,"1165000300015","31",0.061869436201780,0.116172106824925,0.197922848664687,0.269139465875369,0.199109792284865
"1165010632","11650",서울시 서초구 잠원동 61-2,"61","2",잠원동,신반포19차,37.514322000000000,127.010223999999994,2동,한신공영(주),"1982","242",지역난방,열병합,11층,11층,"0","-","0","88.42","120.96","80.25","109.88",서울시 서초구 잠원로8길 20,서울시 서초구 잠원동,,,,,,,"524","1","19","15","16","11","1165010600",재건축,"1165000610002","36",0.063212233369046,0.114395636505308,0.172737898120190,0.240917502678483,0.206632901529170
"1165010845","11650",서울시 서초구 서초동 1648-2,"1648","2",서초동,서초현대,37.491021000000003,127.019951000000006,2동,고려산업개발(주),"1999","299",지역난방,열병합,16층,8층,"1.17","-","0","72.72","144.29","53.01","114.84",서울시 서초구 사임당로19길 10,서울시 서초구 서초동,,,,,,,"3010","1","22","13","0","11","1165010800",아파트,"1165016480002","43",0.047636577823590,0.108378736563098,0.187380356353997,0.253791783242526,0.208511264909437
"1165010625","11650",서울시 서초구 잠원동 59-3,"59","3",잠원동,잠원현대훼밀리,37.509064000000002,127.012838000000002,1동,현대건설(주),"1997","113",개별난방,도시가스,17층,13층,"1","-","-","73.43","104.2","59.56","84.52",서울시 서초구 신반포로 261,서울시 서초구 잠원동,,,,,,,"546","1","6","3","0","11","1165010600",아파트,"1165000590003","22",0.052264381884944,0.115259077927375,0.164871481028150,0.251203590371275,0.210607915136677
"1165010830","11650",서울시 서초구 서초동 1454-29,"1454","29",서초동,서초한신,37.482481999999997,127.013844000000006,2동,한신공영(주),"2001","194",개별난방,도시가스,15층,8층,"1.46","-","0","113.63","147.27","84.99","115.3",서울시 서초구 남부순환로323길 38-15,서울시 서초구 서초동,,,,,,,"3408","1","7","4","4","11","1165010800",아파트,"1165014540029","44",0.045243757431629,0.132699167657551,0.188049940546969,0.227764565992866,0.204161712247325
"1165010634","11650",서울시 서초구 잠원동 63-34,"63","34",잠원동,한신로얄,37.513356000000002,127.009021000000004,2동,한신공영(주),"1992","208",지역난방,도시가스,13층,10층,"1.15","-","0","90.37","93.78","81.05","84.56",서울시 서초구 신반포로33길 64,서울시 서초구 잠원동,,,,,,,"539","1","14","20","12","11","1165010600",아파트,"1165000630034","27",0.075694056269796,0.118828023104154,0.171185019564001,0.237888950996831,0.194941307993291
"1165010627","11650",서울시 서초구 잠원동 60-4,"60","4",잠원동,한신타운,37.509509999999999,127.011470000000003,1동,한신공영,"1989","110",지역난방,열병합,15층,9층,"0","-","-","79.93","98.02","63.94","78.39",서울시 서초구 나루터로4길 70-5,서울시 서초구 잠원동,,,,,,,"3527","1","12","9","8","11","1165010600",아파트,"1165000600004","29",0.052569750367107,0.161380323054332,0.185413607440039,0.224033284385707,0.181057268722467
"1165010304","11650",서울시 서초구 우면동 70,"70","0",우면동,코오롱,37.472577000000001,127.027653999999998,6동,코오롱건설(주),"1994","300",개별난방,도시가스,6층,6층,"1.02","-","0","73.06","73.06","52.47","52.47",서울시 서초구 바우뫼로 53,서울시 서초구 우면동,,,,,,,"509","1","10","12","5","11","1165010300",아파트,"1165000700000","22",0.024470374985839,0.095162569389373,0.183867678713039,0.252407386428004,0.233828027642459
"1165010303","11650",서울시 서초구 우면동 67,"67","0",우면동,우면한라,37.471696000000001,127.025664000000006,7동,한라건설(주),"1994","252",개별난방,도시가스,6층,6층,"0.87","-","-","78.93","78.93","59.98","59.98",서울시 서초구 바우뫼로 33,서울시 서초구 우면동,,,,,,,"510","1","10","7","6","11","1165010300",아파트,"1165000670000","23",0.037297426120114,0.098069590085795,0.165633937082934,0.212225929456623,0.226882745471875
"1165010640","11650",서울시 서초구 잠원동 71-11,"71","11",잠원동,반포한신타워,37.510980000000004,127.006060000000005,2동,한신공영(주),"1996","250",중앙난방,열병합,18층,8층,"1","-","0","83.77","159.58","59.4","131.99",서울시 서초구 잠원로3길 8,서울시 서초구 잠원동,,,,,,,"540","1","22","39","20","11","1165010600",아파트,"1165000710011","32",0.074112330535829,0.107424144609425,0.162040025823111,0.247320852162685,0.208392511297611
"1165010833","11650",서울시 서초구 서초동 1487-63,"1487","63",서초동,서초e-편한세상1차,37.481180999999999,127.006940999999998,2동,대림산업(주),"2004","154",개별난방,도시가스,15층,6층,"2.03","-","0","158.86","158.86","130.53","130.53",서울시 서초구 명달로6길 31,서울시 서초구 서초동,,,,,,,"10139","1","5","1","0","11","1165010800",아파트,"1165014870063","48",0.073495280829335,0.130512146062199,0.154417453195109,0.223967197895712,0.212285316416522
"1165010641","11650",서울시 서초구 잠원동 71-12,"71","12",잠원동,킴스빌리지,37.510812000000001,127.006469999999993,1동,시대종합건설,"1996","160",개별난방,도시가스,15층,14층,"0.86","-","0","34.79","55.09","23.7","37.58",서울시 서초구 잠원로3길 6,서울시 서초구 잠원동,,,,,,,"8219","1","12","9","2","11","1165010600",아파트,"1165000710012","13",0.072337042925278,0.111817700052993,0.165253488782899,0.251192368839426,0.206853912736264
"1165010846","11650",서울시 서초구 서초동 1671-5,"1671","5",서초동,서초리시온,37.493459999999999,127.015519999999995,1동,대림산업(주),"2003","293",개별난방,도시가스,14층,8층,"0.8","-","0","33.21","100.47","25.98","78.58",서울시 서초구 서초중앙로22길 25,서울시 서초구 서초동,,,,,,,"9059","1","17","13","3","11","1165010800",아파트,"1165016710005","19",0.043935536238319,0.181999819623569,0.204269371388137,0.197019626343285,0.170948294402088
"1165010609","11650",서울시 서초구 잠원동 50,"50","0",잠원동,롯데캐슬갤럭시1차,37.520366000000003,127.016502000000003,5동,롯데건설(주),"2002","256",개별난방,열병합,25층,14층,"1.83","-","0","140.41","193.84","106.15","151.11",서울시 서초구 잠원로14길 3,서울시 서초구 잠원동,,,,,,,"2996","1","7","5","9","11","1165010600",아파트,"1165000500000","42",0.040116145793535,0.119660732024145,0.192939558340337,0.246122105906624,0.212042484908687
"1165010841","11650",서울시 서초구 서초동 1620-20,"1620","20",서초동,서초롯데캐슬리버티,37.487479999999998,127.016729999999995,3동,롯데건설주식회사,"2005","132",개별난방,도시가스,12층,7층,"1.74","-","-","81.94","152.02","62.85","126.52",서울시 서초구 사임당로10길 39,서울시 서초구 서초동,,,,,,,"13440","1","13","7","0","11","1165010800",아파트,"1165016200020","45",0.019761775852734,0.121819166215486,0.198971304818627,0.246616134271794,0.206280454791556
"1165010817","11650",서울시 서초구 서초동 1338,"1338","0",서초동,현대ESA,37.490982000000002,127.029438999999996,1동,현대건설(주),"2002","122",중앙난방,도시가스,18층,12층,"1.76","-","-","131.58","215.62","100.06","163.95",서울시 서초구 효령로77길 20,서울시 서초구 서초동,,,,,,,"3412","1","13","7","7","11","1165010800",아파트,"1165013380000","65",0.039767259706837,0.140091753384804,0.206198948192906,0.237865055387714,0.192771623587333
"1165010616","11650",서울시 서초구 잠원동 54-7,"54","7",잠원동,신화,37.515720999999999,127.013734999999997,1동,신화건설(주),"1997","166",개별난방,도시가스,18층,16층,"1","-","0","76.94","109.7","57.33","84.85",서울시 서초구 잠원로14길 54,서울시 서초구 잠원동,,,,,,,"515","1","11","27","9","11","1165010600",아파트,"1165000540007","23",0.074811771330844,0.108619934511022,0.170751037604021,0.244707698083300,0.197551463073811
"1165010620","11650",서울시 서초구 잠원동 58,"58","0",잠원동,금호베스트빌,37.514715000000002,127.014155000000002,2동,금호산업(주),"2002","117",지역난방,열병합,17층,9층,"1.84","-","-","101.34","166.07","84.97","140.36",서울시 서초구 나루터로 46,서울시 서초구 잠원동,,,,,,,"3413","1","4","9","0","11","1165010600",아파트,"1165000580000","50",0.050668413853351,0.111314183247699,0.177190018046600,0.249583318965023,0.213018839730107
"1165010807","11650",서울시 서초구 서초동 1326,"1326","0",서초동,삼성서초가든스위트,37.494844999999998,127.025850000000005,3동,삼성물산(주)주택부문,"2000","141",중앙난방,도시가스,23층,2층,"5.11","-","-","236.14","355.48","162.73","244.97",서울시 서초구 서운로 122,서울시 서초구 서초동,,,,,,,"3008","1","9","19","1","11","1165010800",아파트,"1165013260000","83",0.030635899996433,0.139733942009343,0.202931630942615,0.244409572381325,0.206569421163379
"1165010309","11650",서울시 서초구 우면동 735,"735","0",우면동,서초네이처힐7단지,37.461908000000001,127.023281999999995,5동,(주)태영건설,"2011","275",개별난방,도시가스,17층,5층,"1.12","-","0","85.73","120.25","59.99","84.77",서울시 서초구 태봉로2길 10,서울시 서초구 우면동,,,,,,,"103239","1","6","3","1","11","1165010300",아파트,"1165007350000","25",0.050285592270325,0.110126514706667,0.178401750920834,0.240804996530186,0.217156888912613
"1165010618","11650",서울시 서초구 잠원동 56-2,"56","2",잠원동,신반포27차,37.515948000000002,127.009681999999998,1동,한신공영(주),"1985","156",지역난방,열병합,12층,12층,"0.5","-","0","58.06","118.82","53.46","84.49",서울시 서초구 잠원로8길 3,서울시 서초구 잠원동,,,,,,,"530","1","21","10","3","11","1165010600",아파트,"1165000560002","17",0.051547738824790,0.112673295788635,0.185689459173407,0.235238008127426,0.209326939410174
"1165010850","11650",서울시 서초구 서초동 1684,"1684","0",서초동,서초현대4차,37.500145000000003,127.017343999999994,3동,현대산업개발(주),"2000","160",지역난방,열병합,18층,9층,"1.48","-","0","67.04","172.27","52.36","140.03",서울시 서초구 고무래로 94,서울시 서초구 서초동,,,,,,,"3013","1","4","4","8","11","1165010800",아파트,"1165016840000","52",0.091729147141518,0.100105435801311,0.162781162136831,0.271321462043110,0.178947985004685
"1165010805","11650",서울시 서초구 서초동 1316-15,"1316","15",서초동,현대성우,37.498106999999997,127.024443000000005,1동,성우종합건설(주),"2002","138",지역난방,열병합,24층,6층,"2.56","-","-","156.17","285.61","133.48","244.14",서울시 서초구 강남대로61길 23,서울시 서초구 서초동,,,,,,,"9785","1","5","2","7","11","1165010800",아파트,"1165013160015","57",0.041117040915651,0.163796865035410,0.192259926828449,0.237572584164064,0.190615245191823
"1165010815","11650",서울시 서초구 서초동 1337-22,"1337","22",서초동,서초대우디오빌프라임,37.491599999999998,127.030120999999994,1동,(주)대우건설,"2005","112",개별난방,도시가스,15층,15층,"1.75","-","-","56.35","107.6","44.5","84.97",서울시 서초구 강남대로 321,서울시 서초구 서초동,,,,,,,"17384","1","13","6","4","11","1165010800",아파트,"1165013370022","31",0.034097051228155,0.153609392829261,0.217051528436732,0.232260825175667,0.190896943126540
"1165011105","11650",서울시 서초구 신원동 557,"557","0",신원동,힐스테이트서초젠트리스,37.456285000000001,127.057657000000006,9동,현대엔지니어링주식회사,"2014","256",개별난방,도시가스,9층,5층,"1.51","-","-","114.32","153.03","84.95","114.9",서울시 서초구 헌릉로8길 10-12,서울시 서초구 신원동,,,,,,,"107070","1","7","3","1","11","1165011100",아파트,"1165005570000","34",0.038171140939597,0.097315436241610,0.164569351230423,0.215324384787471,0.225531319910512
"1165010843","11650",서울시 서초구 서초동 1641-1,"1641","1",서초동,서초삼성래미안,37.493178999999998,127.019470999999996,3동,삼성물산(주),"2001","299",지역난방,열병합,16층,16층,"1.59","-","0","108.06","191.27","84.89","150.25",서울시 서초구 사임당로17길 116,서울시 서초구 서초동,,,,,,,"3407","1","17","2","1","11","1165010800",아파트,"1165016410001","46",0.036814496900334,0.139532665712923,0.194229852169766,0.235956127801621,0.202670481640438
"1165010701","11650",서울시 서초구 반포동 10,"10","0",반포동,반포푸르지오,37.503757000000000,126.995818999999997,3동,(주)대우,"2000","237",개별난방,도시가스,12층,12층,"1.05","-","1","64.17","108.81","50.02","84.82",서울시 서초구 신반포로15길 4,서울시 서초구 반포동,,,,,,,"3501","1","13","3","0","11","1165010700",아파트,"1165000100000","32",0.098594037913017,0.103490925612742,0.136027462957821,0.226241260065123,0.191912562788702
"1165010819","11650",서울시 서초구 서초동 1344-13,"1344","13",서초동,서초트라팰리스,37.486801000000000,127.028328999999999,3동,삼성물산(주),"2005","257",개별난방,열병합,25층,11층,"1.66","-","1","93.71","198.6","73.42","155.55",서울시 서초구 효령로72길 57,서울시 서초구 서초동,,,,,,,"12233","1","2","11","10","11","1165010800",아파트,"1165013440013","50",0.043870750021091,0.114823251497511,0.195393571247785,0.244621614781067,0.203113135914958
"1165010135","11650",서울시 서초구 방배동 923-6,"923","6",방배동,방배아크로타워,37.483207999999998,126.995143999999996,2동,대림산업㈜,"2007","116",개별난방,도시가스,10층,10층,"1.64","-","-","65.64","110.9","51.35","84.96",서울시 서초구 방배로13길 18,서울시 서초구 방배동,,,,,,,"25849","1","8","1","0","11","1165010100",아파트,"1165009230006","23",0.054851090705923,0.124453432444251,0.181290385269398,0.213282806199292,0.188820871593063
"1165010642","11650",서울시 서초구 잠원동 71-17,"71","17",잠원동,잠원중앙하이츠(B동),37.510060000000003,127.004806000000002,1동,중앙건설,"1998","126",개별난방,도시가스,16층,16층,"1","-","-","83.33","104.9","59.93","75.44",서울시 서초구 잠원로3길 20,서울시 서초구 잠원동,,,,,,,"1170","1","6","9","5","11","1165010600",아파트,"1165000710017","31",0.067552057714379,0.104771273979341,0.160518117724217,0.247909493359567,0.218888342351205
"1165010119","11650",서울시 서초구 방배동 752-36,"752","36",방배동,방배아크로리버,37.497695000000000,126.984443999999996,4동,대림산업(주),"2004","222",개별난방,도시가스,25층,24층,"1.68","-","0","98.9","174.16","84.74","149.22",서울시 서초구 방배중앙로 207-10,서울시 서초구 방배동,,,,,,,"9657","1","10","6","4","11","1165010100",아파트,"1165007520036","52",0.045316379827040,0.111653394982447,0.168636013357308,0.226367839712304,0.218875759910951
"1165010126","11650",서울시 서초구 방배동 797-30,"797","30",방배동,방배e-편한세상3차,37.494385999999999,126.991489000000001,5동,대림산업(주),"2006","192",개별난방,도시가스,15층,9층,"3.3","-","1","231.63","277.18","198.53","244.87",서울시 서초구 동광로 89-5,서울시 서초구 방배동,,,,,,,"17709","1","5","7","1","11","1165010100",아파트,"1165007970030","70",0.035864978902954,0.096835443037975,0.166033755274262,0.251265822784811,0.237341772151899
"1165010812","11650",서울시 서초구 서초동 1334-1,"1334","1",서초동,신동아2차,37.490504000000001,127.026042000000004,1동,신동아건설,"1979","104",지역난방,열병합,13층,13층,"1","-","0","156.46","183.98","144.41","169.55",서울시 서초구 서운로 79,서울시 서초구 서초동,,,,,,,"3516","1","8","0","0","11","1165010800",재건축,"1165013340001","47",0.049354325137095,0.111091455864143,0.191933486644258,0.255262692375727,0.209269414470192
"1165010825","11650",서울시 서초구 서초동 1444-7,"1444","7",서초동,서초자이,37.484985000000002,127.020109000000005,4동,지에스건설(주),"2006","184",지역난방,열병합,18층,12층,"2.09","-","0","106.97","184.32","84.98","148.83",서울시 서초구 효령로68길 81,서울시 서초구 서초동,,,,,,,"18547","1","0","3","3","11","1165010800",아파트,"1165014440007","55",0.032576548364648,0.119998260264440,0.188152400835073,0.242258176757132,0.209725121781489
"1165010816","11650",서울시 서초구 서초동 1337-3,"1337","3",서초동,강남역푸르지오시티(도시형),37.491689999999998,127.028988999999996,1동,(주)대우건설,"2014","137",개별난방,도시가스,8층,8층,"0.18","-","-","29.4","33.92","20.33","23.45",서울시 서초구 효령로77길 30,서울시 서초구 서초동,,,,,,,"105330","1","8","3","3","11","1165010800",아파트,"1165013370003","9",0.038416379247083,0.147501284215162,0.211638658545536,0.243028546268439,0.189357525500845
"1165010719","11650",서울시 서초구 반포동 64-5,"64","5",반포동,현대동궁,37.500411999999997,127.001891000000001,1동,현대산업개발(주),"1991","224",지역난방,열병합,15층,9층,"1","-","0","82.31","96.28","70.38","82.35",서울시 서초구 사평대로 154,서울시 서초구 반포동,,,,,,,"462","1","12","5","2","11","1165010700",아파트,"1165000640005","24",0.058034072803040,0.118641990440005,0.181333496752053,0.245924745679618,0.198124770192426
"1165010107","11650",서울시 서초구 방배동 1030-1,"1030","1",방배동,삼호한숲,37.477643000000000,126.998745999999997,1동,(주)삼호,"1998","116",개별난방,도시가스,15층,5층,"1.17","-","-","80.16","139.2","59.98","114.52",서울시 서초구 방배로3길 10-3,서울시 서초구 방배동,,,,,,,"857","1","5","0","0","11","1165010100",아파트,"1165010300001","24",0.055546757462982,0.107332330350780,0.177805051864755,0.196927706073323,0.205519043471375
"1165010821","11650",서울시 서초구 서초동 1350-13,"1350","13",서초동,동원베네스트,37.485281999999998,127.026640999999998,2동,(주)동원이엔씨,"2002","126",개별난방,도시가스,15층,11층,"1.3","-","-","105.53","142.48","84.9","120.81",서울시 서초구 효령로74길 57,서울시 서초구 서초동,,,,,,,"3402","1","8","14","1","11","1165010800",아파트,"1165013500013","32",0.035953320748241,0.112236142097134,0.185773125107259,0.249828385103826,0.224901321434700
"1165010720","11650",서울시 서초구 반포동 65-1,"65","1",반포동,신반포궁전,37.500365000000002,127.000568999999999,2동,한신공영,"1984","108",지역난방,열병합,10층,10층,"0.5","-","-","128.67","225.47","117.11","205.22",서울시 서초구 사평대로 142,서울시 서초구 반포동,,,,,,,"443","1","8","1","0","11","1165010700",아파트,"1165000650001","38",0.052969090675900,0.101705784276002,0.166859048351928,0.257534949339486,0.224573553930996
"1165010631","11650",서울시 서초구 잠원동 61-1,"61","1",잠원동,신반포25차,37.515009999999997,127.009546999999998,2동,한신공영,"1984","169",지역난방,도시가스,13층,13층,"0","-","-","113.97","126.22","84.49","117.06",서울시 서초구 잠원로 136,서울시 서초구 잠원동,,,,,,,"3526","1","7","15","7","11","1165010600",아파트,"1165000610001","34",0.064574121762790,0.118701715174189,0.186191147174578,0.238180846411737,0.197658034109129
"1165010818","11650",서울시 서초구 서초동 1338-1,"1338","1",서초동,풍림아이원플러스,37.490473000000001,127.029932000000002,1동,풍림산업(주),"2004","200",개별난방,도시가스,15층,13층,"0.5","-","0","37.54","55.79","27.64","41.07",서울시 서초구 효령로77길 14,서울시 서초구 서초동,,,,,,,"9961","1","10","2","1","11","1165010800",아파트,"1165013380001","14",0.033748232621746,0.144171708040701,0.214890016920473,0.241800523839324,0.194376839811788
"1165010305","11650",서울시 서초구 우면동 707,"707","0",우면동,서초네이처힐1단지,37.463664000000001,127.019856000000004,10동,(주)태영건설,"2012","178",개별난방,도시가스,7층,5층,"1.19","-","0","110.25","148.68","84.73","114.71",서울시 서초구 형촌길 35,서울시 서초구 우면동,,,,,,,"106011","1","3","1","0","11","1165010300",아파트,"1165007070000","33",0.007995079950800,0.086408364083642,0.227244772447727,0.307195571955722,0.211254612546128
"1165010202","11650",서울시 서초구 양재동 160-2,"160","2",양재동,양재우성KBS(113동),37.477814000000002,127.028942000000001,1동,(주)우성건설,"1996","150",개별난방,도시가스,14층,11층,"0.64","-","0","102.54","102.54","84.69","84.69",서울시 서초구 바우뫼로 91,서울시 서초구 양재동,,,,,,,"505","1","4","5","1","11","1165010200",아파트,"1165001600002","31",0.030755176613886,0.163824604141293,0.186053593179052,0.227771010962243,0.223203410475033
"1165010637","11650",서울시 서초구 잠원동 65-8,"65","8",잠원동,잠원한신그린,37.513292000000000,127.007947999999999,1동,한신공영 주식회사,"1993","150",지역난방,LPG,15층,15층,"0.9","-","0","96.5","96.5","84.89","84.89",서울시 서초구 신반포로33길 71,서울시 서초구 잠원동,,,,,,,"538","1","0","2","1","11","1165010600",아파트,"1165000650008","29",0.064984131781774,0.112160596443503,0.178756737695834,0.240491662888518,0.202533877386529
"1165010122","11650",서울시 서초구 방배동 758-4,"758","4",방배동,삼호2차,37.496150999999998,126.987246999999996,5동,삼호,"1976","264",지역난방,열병합,12층,12층,"0.37","-","-","137.63","191.79","127.94","179.08",서울시 서초구 방배로43길 2,서울시 서초구 방배동,,,,,,,"468","1","5","7","1","11","1165010100",아파트,"1165007580004","42",0.082613415014944,0.115414925728220,0.142566130878920,0.240524586263810,0.210191366927870
"1165010835","11650",서울시 서초구 서초동 1509-1,"1509","1",서초동,서초한빛삼성,37.488405999999998,127.007863000000000,2동,삼성중공업(주),"1999","264",개별난방,도시가스,18층,7층,"1.36","-","0","84.96","140.87","59.52","110.59",서울시 서초구 서초대로40길 72,서울시 서초구 서초동,,,,,,,"1167","1","6","5","2","11","1165010800",아파트,"1165015090001","25",0.066559024040186,0.135360602798708,0.163168281306063,0.226647530199736,0.210560937686878
"1165010806","11650",서울시 서초구 서초동 1316-31,"1316","31",서초동,밀라텔쉐르빌(엠쉐르빌),37.498713000000002,127.025064000000000,1동,삼성중공업(주),"2001","125",개별난방,도시가스,23층,23층,"1.02","-","-","42.38","127.22","32.66","97.98",서울시 서초구 강남대로61길 17,서울시 서초구 서초동,,,,,,,"12226","1","5","0","0","11","1165010800",아파트,"1165013160031","12",0.040984174656348,0.232378422086175,0.205348273073815,0.201420815525011,0.162492780408919
"1165010839","11650",서울시 서초구 서초동 1583-10,"1583","10",서초동,서초아트자이,37.485686999999999,127.011370999999997,4동,지에스건설(주),"2009","164",개별난방,도시가스,25층,20층,"3.02","-","1","181.1","336.7","144.31","267.1",서울시 서초구 반포대로 58,서울시 서초구 서초동,,,,,,,"27300","1","10","1","1","11","1165010800",아파트,"1165015830010","62",0.078854664027018,0.152512518923955,0.156646675206708,0.219226738092465,0.201467334342611
"1165010716","11650",서울시 서초구 반포동 46,"46","0",반포동,엠브이,37.499139999999997,127.010255000000001,1동,한보철강공업(주),"1994","154",개별난방,도시가스,18층,10층,"0.94","-","0","74.52","162.23","59.82","129.93",서울시 서초구 고무래로10길 39,서울시 서초구 반포동,,,,,,,"452","1","6","3","0","11","1165010700",아파트,"1165000460000","31",0.100317037848839,0.089983952405182,0.153352381697913,0.274922697561548,0.178324004853419
"1165010612","11650",서울시 서초구 잠원동 51,"51","0",잠원동,잠원훼미리,37.519199999999998,127.014619999999994,3동,한신공영(주),"1992","288",지역난방,열병합,18층,15층,"2","-","0","101.05","103.17","84.38","84.9",서울시 서초구 잠원로 202-11,서울시 서초구 잠원동,,,,,,,"542","1","16","7","0","11","1165010600",아파트,"1165000510000","31",0.048523101070313,0.103074020270834,0.179482041777288,0.249444806224849,0.219255622902369
"1165010133","11650",서울시 서초구 방배동 899-16,"899","16",방배동,방배브라운스톤,37.486930000000001,126.995264000000006,3동,이수건설(주),"2005","145",개별난방,도시가스,15층,12층,"1.34","-","-","94.56","143.07","75.49","114.65",서울시 서초구 서초대로26길 19,서울시 서초구 방배동,,,,,,,"13140","1","1","1","2","11","1165010100",아파트,"1165008990016","32",0.042377106391464,0.109681922424967,0.185063316382489,0.222554591684114,0.207797387576028
"1165010823","11650",서울시 서초구 서초동 1363-25,"1363","25",서초동,한라비발디스튜디오193(도시형),37.485768000000000,127.032050999999996,1동,한라건설(주),"2013","149",개별난방,도시가스,12층,11층,"0.44","-","-","32.02","63.86","19.8","40.19",서울시 서초구 강남대로39길 15-10,서울시 서초구 서초동,,,,,,,"103712","1","3","1","0","11","1165010800",아파트,"1165013630025","9",0.040504916251166,0.132837914246482,0.202921112343133,0.254293917653713,0.202744876304332
"1165010129","11650",서울시 서초구 방배동 866-10,"866","10",방배동,방배마에스트로,37.486006000000003,126.983862999999999,1동,(주)한미글로벌건축사사무소,"2019","118",개별난방,도시가스,27층,26층,"0.66","-","-","38.91","77.44","25.48","51.53",서울시 서초구 서초대로 13,서울시 서초구 방배동,,,,,,,"113975","1","9","2","0","11","1165010100",아파트,"1165008660010","13",0.036313465783664,0.107615894039735,0.189679911699779,0.225827814569536,0.209326710816776
"1165010822","11650",서울시 서초구 서초동 1359-50,"1359","50",서초동,롯데캐슬주피터,37.486376999999997,127.030403000000007,2동,롯데건설,"2003","110",개별난방,도시가스,12층,9층,"2.62","-","-","110.44","197.29","95.33","172.33",서울시 서초구 서운로6길 15-20,서울시 서초구 서초동,,,,,,,"9642","1","3","0","0","11","1165010800",아파트,"1165013590050","56",0.033558379666402,0.118149324861001,0.210550701615039,0.241196716971142,0.206844056129203
"1165010614","11650",서울시 서초구 잠원동 53,"53","0",잠원동,잠원현대,37.518670000000000,127.012904000000006,2동,현대건설(주),"1993","238",지역난방,열병합,19층,7층,"0.66","-","0","103.77","103.77","84.87","84.87",서울시 서초구 잠원로12길 4,서울시 서초구 잠원동,,,,,,,"545","1","10","15","13","11","1165010600",아파트,"1165000530000","31",0.054361343044945,0.098626162136554,0.175845324806063,0.241161840468998,0.218422455143008
"1165010131","11650",서울시 서초구 방배동 884-21,"884","21",방배동,방배e-편한세상1차,37.487594000000001,126.999223999999998,3동,대림산업(주),"2003","199",개별난방,도시가스,15층,13층,"2.71","-","0","201.97","224.85","164.25","188.21",서울시 서초구 서초대로34길 34,서울시 서초구 방배동,,,,,,,"8649","1","7","0","0","11","1165010100",아파트,"1165008840021","61",0.002704164413196,0.048134126554895,0.173607355327206,0.234721471065444,0.234721471065444
"1165010128","11650",서울시 서초구 방배동 849-30,"849","30",방배동,방배롯데캐슬로제,37.490222000000003,126.994619999999998,4동,롯데건설(주),"2009","130",개별난방,도시가스,12층,8층,"2.98","-","-","202.76","292.65","172.27","244.48",서울시 서초구 방배로26길 41,서울시 서초구 방배동,,,,,,,"26687","1","12","3","4","11","1165010100",아파트,"1165008490030","72",0.026778577138290,0.105915267785773,0.182653876898484,0.238609112709835,0.226219024780178
"1165010125","11650",서울시 서초구 방배동 776-3,"776","3",방배동,쌍용예가클래식,37.493704999999999,126.987787999999995,3동,쌍용건설(주),"1978","216",지역난방,열병합,12층,12층,"0.95","-","0","117.07","177.45","89.84","155.44",서울시 서초구 방배로37길 26-9,서울시 서초구 방배동,,,,,,,"465","1","7","1","2","11","1165010100",아파트,"1165007760003","35",0.061248839984091,0.091077820495823,0.163065093464137,0.247514251624020,0.215564099164786
"1165010712","11650",서울시 서초구 반포동 30-1,"30","1",반포동,삼호가든맨션5차,37.504432000000001,127.011689000000004,3동,삼호,"1986","168",지역난방,열병합,14층,14층,"2.09","-","0","115.6","179.94","98.64","153.54",서울시 서초구 서초중앙로 242,서울시 서초구 반포동,,,,,,,"451","1","0","1","0","11","1165010700",아파트,"1165000300001","54",0.051515941273564,0.127964555642428,0.197115802276082,0.254017895925634,0.191729649900093
"1165010607","11650",서울시 서초구 잠원동 49-17,"49","17",잠원동,신반포18차(337동),37.520054000000002,127.013401000000002,1동,한신공영,"1983","182",지역난방,열병합,13층,13층,"0.98","-","-","55.63","122.74","50.64","111.75",서울시 서초구 잠원로 195,서울시 서초구 잠원동,,,,,,,"523","1","1","0","0","11","1165010600",재건축,"1165000490017","16",0.042885516496654,0.108197227096550,0.185637979907055,0.240787520006170,0.215738830289824
"1165010606","11650",서울시 서초구 잠원동 42-13,"42","13",잠원동,잠원대우아이빌,37.511451999999998,127.018281000000002,3동,한국구조개발(주),"2001","168",개별난방,도시가스,12층,5층,"1","-","0","39.6","69.65","27.07","49.06",서울시 서초구 신반포로45길 23,서울시 서초구 잠원동,,,,,,,"3415","1","4","0","1","11","1165010600",아파트,"1165000420013","15",0.027169079000566,0.138149915096628,0.215169402441982,0.246502789682218,0.202595617368803
"1165010837","11650",서울시 서초구 서초동 1533,"1533","0",서초동,서초한신리빙타워,37.484062999999999,127.009956000000003,1동,한신공영(주),"1999","103",개별난방,도시가스,19층,10층,"1.58","-","-","56.21","166.85","42.55","126.29",서울시 서초구 효령로 237,서울시 서초구 서초동,,,,,,,"3518","1","1","1","0","11","1165010800",아파트,"1165015330000","17",0.079228981185036,0.137472040699969,0.152581027147932,0.224902416560677,0.208061049953949
"1165010101","11650",서울시 서초구 방배동 1002-22,"1002","22",방배동,삼환나띠르빌,37.480400000000003,127.005188000000004,5동,(주)삼환까뮤,"2003","126",개별난방,도시가스,11층,8층,"1.26","-","-","105.42","189.26","84.98","148.99",서울시 서초구 명달로 33,서울시 서초구 방배동,,,,,,,"8696","1","2","3","3","11","1165010100",아파트,"1165010020022","34",0.079149788357379,0.112830549360519,0.166492194256063,0.156934140457875,0.192071366801691
"1165010836","11650",서울시 서초구 서초동 1529,"1529","0",서초동,서초e-편한세상2차,37.486839000000003,127.009015000000005,3동,대림산업(주),"2005","159",개별난방,도시가스,15층,8층,"1.6","-","0","107.2","152.78","84.67","123.11",서울시 서초구 효령로49길 57,서울시 서초구 서초동,,,,,,,"11661","1","3","1","1","11","1165010800",아파트,"1165015290000","44",0.080367838771052,0.144651539708266,0.150007046719752,0.222288774575435,0.206838841519273
"1165010826","11650",서울시 서초구 서초동 1445-13,"1445","13",서초동,서초쌍용플래티넘,37.484113999999998,127.017168999999996,1동,남광토건(주),"2006","109",개별난방,도시가스,21층,20층,"3.49","-","-","45.36","107.89","34.67","82.46",서울시 서초구 서초중앙로 18,서울시 서초구 서초동,,,,,,,"17774","1","9","4","1","11","1165010800",아파트,"1165014450013","27",0.034889145599147,0.119640556271383,0.188352512551652,0.223641533745058,0.210167947749590
"1165010838","11650",서울시 서초구 서초동 1542-6,"1542","6",서초동,현대ESA2,37.491084000000001,127.008523999999994,2동,현대건설,"2003","174",중앙난방,도시가스,25층,25층,"2.01","-","0","156.01","156.01","136.25","136.25",서울시 서초구 반포대로 122,서울시 서초구 서초동,,,,,,,"12476","1","2","0","0","11","1165010800",아파트,"1165015420006","47",0.034358979165300,0.133799450781185,0.198131156452385,0.226173182001370,0.205488439225097
"1165010306","11650",서울시 서초구 우면동 712,"712","0",우면동,서초네이처힐2단지,37.462786999999999,127.021687999999997,8동,(주)태영건설,"2012","133",개별난방,도시가스,7층,5층,"1.15","-","-","78.72","112.2","59.99","84.82",서울시 서초구 형촌길 15,서울시 서초구 우면동,,,,,,,"103950","1","3","2","1","11","1165010300",아파트,"1165007120000","23",0.072242629744748,0.102665536403879,0.176697748893282,0.257323160968255,0.198455307525664
"1165010636","11650",서울시 서초구 잠원동 65-33,"65","33",잠원동,신반포22차,37.511665000000001,127.007182000000000,1동,한신공영(주),"1983","132",지역난방,열병합,12층,12층,"0","-","-","112.73","128.88","104.02","118.9",서울시 서초구 잠원로 86,서울시 서초구 잠원동,,,,,,,"527","1","3","0","0","11","1165010600",재건축,"1165000650033","38",0.066913478678184,0.114356232003290,0.167969285616343,0.243384066913477,0.209790209790207
"1165010628","11650",서울시 서초구 잠원동 60-6,"60","6",잠원동,신반포9차,37.511403999999999,127.010431999999994,2동,한신공영(주),"1981","286",지역난방,열병합,12층,12층,"0","-","-","81.28","81.28","75.95","75.95",서울시 서초구 신반포로33길 30,서울시 서초구 잠원동,,,,,,,"537","1","2","0","0","11","1165010600",재건축,"1165000600006","24",0.058812055008290,0.126694625963132,0.166048961279625,0.229152443187359,0.201697064273870
"1165010203","11650",서울시 서초구 양재동 90,"90","0",양재동,신영체르니,37.479213000000001,127.041383999999994,1동,한라건설(주),"2002","175",개별난방,도시가스,9층,6층,"1","-","0","43.79","78.38","32.08","58.21",서울시 서초구 논현로27길 57,서울시 서초구 양재동,,,,,,,"8287","1","5","2","0","11","1165010200",아파트,"1165000900000","16",0.021100835054323,0.088174553290832,0.172892161264254,0.236733411152015,0.239292448594774
"1165010111","11650",서울시 서초구 방배동 2233,"2233","0",방배동,방배현대홈타운3차,37.491897999999999,126.984013000000004,3동,현대건설(주),"2004","123",개별난방,도시가스,15층,10층,"1.78","-","-","106.36","152.1","84.98","123.34",서울시 서초구 방배중앙로21길 55,서울시 서초구 방배동,,,,,,,"9603","1","7","3","1","11","1165010100",아파트,"1165022330000","45",0.040752351097179,0.116317439366441,0.173073750206236,0.236759610625309,0.231809932354396
"1165010622","11650",서울시 서초구 잠원동 58-22,"58","22",잠원동,신반포17차,37.510731999999997,127.014116999999999,3동,한신공영(주),"1983","216",지역난방,열병합,12층,12층,"1","-","-","87.74","162.37","80.4","145.39",서울시 서초구 나루터로4길 49,서울시 서초구 잠원동,,,,,,,"876","1","5","0","0","11","1165010600",재건축,"1165000580022","48",0.026073907334459,0.129244044269368,0.201650722190957,0.255111611329956,0.220221346839242
"1165010124","11650",서울시 서초구 방배동 774-19,"774","19",방배동,현대멤피스,37.494793999999999,126.988645000000005,5동,현대산업개발(주),"2001","206",개별난방,도시가스,21층,14층,"2.51","-","0","165.14","231.07","133.31","186.53",서울시 서초구 방배로 239,서울시 서초구 방배동,,,,,,,"3400","1","10","3","2","11","1165010100",아파트,"1165007740019","50",0.071297173755505,0.114276158091309,0.160432577066726,0.233959529516695,0.207592396454651
"1165010847","11650",서울시 서초구 서초동 1675-11,"1675","11",서초동,서초대우아이빌,37.494244999999999,127.017601999999997,1동,(주)대우건설,"2003","215",개별난방,도시가스,15층,12층,"0.75","-","0","28.03","86.66","21.05","65.08",서울시 서초구 서초대로58길 10,서울시 서초구 서초동,,,,,,,"13290","1","6","1","1","11","1165010800",아파트,"1165016750011","14",0.036236589864145,0.157025222744630,0.206314777774893,0.207574616203861,0.187560069615815
"1165010121","11650",서울시 서초구 방배동 759-2,"759","2",방배동,삼호3차,37.497511000000003,126.987115000000003,4동,(주)삼호주택,"1976","216",지역난방,열병합,12층,12층,"0","-","-","153.9","289.36","129.76","257.12",서울시 서초구 방배로45길 2,서울시 서초구 방배동,,,,,,,"948","1","0","5","2","11","1165010100",아파트,"1165007590002","46",0.066418201034655,0.110196362018133,0.157089614507424,0.237915113756464,0.220337097402234
"1165010605","11650",서울시 서초구 잠원동 33-11,"33","11",잠원동,잠원월드메르디앙,37.512535000000000,127.016299000000004,1동,월드건설주식회사,"2002","107",개별난방,도시가스,15층,6층,"1.23","-","-","107.46","146.22","84.78","116.42",서울시 서초구 신반포로45길 71,서울시 서초구 잠원동,,,,,,,"3416","1","5","2","1","11","1165010600",아파트,"1165000330011","32",0.035793906366113,0.120757988605398,0.193708199157786,0.251795888035666,0.220336883824618
"1165010630","11650",서울시 서초구 잠원동 60-78,"60","78",잠원동,신반포20차,37.510426000000002,127.011938000000001,1동,한신공영(주),"1983","112",지역난방,열병합,14층,14층,"0","-","-","155.6","155.6","143.95","143.95",서울시 서초구 나루터로4길 60,서울시 서초구 잠원동,,,,,,,"3525","1","8","0","0","11","1165010600",아파트,"1165000600078","47",0.063796909492273,0.134326710816776,0.178476821192051,0.237417218543043,0.191611479028696
"1165010824","11650",서울시 서초구 서초동 1436-14,"1436","14",서초동,서초아이파크,37.485450999999998,127.023009000000002,3동,현대산업개발(주),"2003","115",지역난방,열병합,18층,6층,"2.6","-","-","147.83","233.92","127.82","192.63",서울시 서초구 효령로68길 33,서울시 서초구 서초동,,,,,,,"8189","1","0","5","3","11","1165010800",아파트,"1165014360014","61",0.034305522352378,0.112718144872100,0.195433899115465,0.256633994740614,0.216710494860145
"1165010132","11650",서울시 서초구 방배동 888-53,"888","53",방배동,방배자이,37.486663000000000,126.998885999999999,3동,엘지건설(주),"2003","136",개별난방,도시가스,13층,10층,"2.77","-","-","185.43","218.51","164.96","194.92",서울시 서초구 방배로18길 67,서울시 서초구 방배동,,,,,,,"8760","1","6","0","0","11","1165010100",아파트,"1165008880053","56",0.014497223935842,0.093152375077114,0.161937075879089,0.205737199259718,0.213140037014192
"1165010722","11650",서울시 서초구 반포동 591-1,"591","1",반포동,강남원효성,37.495958999999999,126.996082000000001,16동,,"1984","107",개별난방,도시가스,3층,1층,"0","-","-","152.76","254.39","146.04","216",서울시 서초구 사평대로20길 76,서울시 서초구 반포동,,,,,,,"128491","1","4","0","0","11","1165010700",아파트,"1165005910001","57",0.009865005192108,0.064382139148495,0.207165109034270,0.263759086188996,0.242990654205611
"1165010136","11650",서울시 서초구 방배동 930-1,"930","1",방배동,방배브라운가,37.483490000000003,126.991799999999998,2동,흥화공업(주),"2006","161",개별난방,도시가스,13층,10층,"1.35","-","0","105.93","156.43","84.85","124.67",서울시 서초구 방배로19길 67,서울시 서초구 방배동,,,,,,,"8498","1","8","2","0","11","1165010100",아파트,"1165009300001","32",0.031280013970139,0.236117174539421,0.226359905701563,0.185278966209726,0.154479175761809
"1165010127","11650",서울시 서초구 방배동 816-1,"816","1",방배동,방배한신트리플,37.491455000000002,126.989142000000001,1동,한신공영(주),"2004","163",개별난방,도시가스,12층,7층,"1","-","0","35.76","97.04","28.81","78.19",서울시 서초구 방배로33길 29,서울시 서초구 방배동,,,,,,,"11458","1","8","2","1","11","1165010100",아파트,"1165008160001","16",0.041589585474478,0.102158273381295,0.176293251113395,0.230832476875643,0.217540253511476
"1165010832","11650",서울시 서초구 서초동 1467-62,"1467","62",서초동,서초e-편한세상5차,37.479731999999998,127.007187000000002,2동,대림산업(주),"2005","161",개별난방,도시가스,15층,10층,"2.46","-","1","190.3","190.3","158.24","158.24",서울시 서초구 명달로4길 30,서울시 서초구 서초동,,,,,,,"14237","1","2","0","0","11","1165010800",아파트,"1165014670062","57",0.065303978640521,0.119621832188033,0.175077690725259,0.195036547467939,0.201208036066004
"1165010834","11650",서울시 서초구 서초동 1498-5,"1498","5",서초동,마제스타시티힐스테이트서리풀,37.490268000000000,127.005958000000007,2동,현대엔지니어링(주),"2017","116",개별난방,도시가스,22층,10층,"1.29","-","-","88.02","88.47","59.95","59.97",서울시 서초구 서초대로38길 12,서울시 서초구 서초동,,,,,,,"109213","1","8","2","1","11","1165010800",아파트,"1165014980005","26",0.027504864967488,0.231809767905453,0.239095353362760,0.198395747306469,0.155702691157624
"1165010856","11650",서울시 서초구 서초동 1575-1,"1575","1",서초동,지웰홈스서초,37.491985000000000,127.013372000000004,1동,신영건설주식회사,"2019","154",개별난방,도시가스,19층,18층,"0.52","-","1","22.65","33.97","14.1","21.22",서울시 서초구 반포대로28길 94,서울시 서초구 서초동,,,,,,,"125532","1","0","0","1","11","1165010800",아파트,"1165015750001","6",0.043672034389563,0.127259449977793,0.185551565523110,0.224525901333275,0.201496638585874
"1165010649","11650",서울시 서초구 잠원동 52-2 외 1필지,"52","2",잠원동,르엘신반포파크애비뉴,37.517204999999997,127.013767000000001,3동,롯데건설(주),"2023","330",지역난방,열병합,35층,14층,"0","0","1","66.67","156.72","49.98","118.97",,서울시 서초구 잠원동,,,,,,,"132385","1","0","0","1","11","1165010600",아파트분양권,1165000522 외,"34",0.073350028273689,0.101946845464092,0.167622586638661,0.252443654576298,0.216899588011954
"1165010705","11650",서울시 서초구 반포동 12,"12","0",반포동,신반포15차,37.504053999999996,126.993632000000005,8동,한신공영(주),"1982","180",개별난방,열병합,5층,5층,"1.05","-","-","146.02","217.74","122.1","181.75",서울시 서초구 신반포로15길 5,서울시 서초구 반포동,,,,,,,"456","1","0","0","0","11","1165010700",재건축,"1165000120000","54",0.017307692307692,0.013461538461538,0.100000000000000,0.480769230769231,0.305769230769231
"1165010629","11650",서울시 서초구 잠원동 60-7,"60","7",잠원동,녹원한신,37.511972000000000,127.011443000000000,2동,한신공영주식회사,"1995","240",지역난방,열병합,15층,15층,"1.02","-","0","98.87","99.14","84.75","84.95",서울시 서초구 잠원로4길 34-11,서울시 서초구 잠원동,,,,,,,"512","1","2","0","0","11","1165010600",재건축,"1165000600007","29",0.065575722928874,0.113072269067695,0.175146491353437,0.237530370158639,0.194583392882664
"1165010624","11650",서울시 서초구 잠원동 59-10,"59","10",잠원동,신반포21차,37.509408999999998,127.014235999999997,2동,한신공영(주),"1984","108",지역난방,열병합,10층,8층,"1.07","-","-","129.25","145.37","117.07","129.47",서울시 서초구 신반포로 267,서울시 서초구 잠원동,,,,,,,"526","1","0","0","0","11","1165010600",재건축,"1165000590010","39",0.047064164648910,0.125453995157385,0.185835351089588,0.250605326876513,0.209443099273607
"1165010114","11650",서울시 서초구 방배동 3275,"3275","0",방배동,방배동부센트레빌,37.497661999999998,126.987972999999997,3동,동부건설(주),"2004","122",개별난방,도시가스,22층,18층,"2.19","-","-","164.49","191.55","134.04","157.55",서울시 서초구 방배로 278,서울시 서초구 방배동,,,,,,,"10495","1","2","0","0","11","1165010100",아파트,"1165032750000","49",0.035478547854786,0.092959295929594,0.169416941694171,0.253850385038506,0.238448844884491
"1165010115","11650",서울시 서초구 방배동 3277,"3277","0",방배동,방배아이파크,37.491639999999997,126.984999999999999,2동,현대산업개발(주),"2006","138",개별난방,도시가스,15층,9층,"1.71","-","-","114.5","199.17","84.32","157.56",서울시 서초구 동광로3길 18,서울시 서초구 방배동,,,,,,,"18934","1","2","0","0","11","1165010100",아파트,"1165032770000","46",0.057876195269250,0.133199127663143,0.174131857070960,0.232930716322763,0.209444724039588
"1165010842","11650",서울시 서초구 서초동 1633-4,"1633","4",서초동,헤센파크힐,37.491174000000001,127.022486999999998,1동,신한종합건설(주),"2018","102",개별난방,도시가스,7층,7층,"0.84","-","-","32.22","54.58","18.34","32.58",서울시 서초구 사임당로 115,서울시 서초구 서초동,,,,,,,"122579","1","0","1","0","11","1165010800",아파트,"1165016330004","10",0.037011479831880,0.112100871965372,0.184681011228907,0.255191016874726,0.223323505426260
"1165010650","11650",서울시 서초구 잠원동 74번지 외 1필지,"74","0",잠원동,르엘신반포,37.508792999999997,127.002301000000003,3동,롯데건설(주),"2022","280",지역난방,열병합,34층,22층,"1.88","0","1","73.52","132.36","54.98","100.96",,서울시 서초구 잠원동,,,,,,,"130368","1","1","0","0","11","1165010600",아파트분양권,"1165000740000","33",0.033713692946059,0.097510373443985,0.175829875518674,0.272302904564318,0.251556016597513
"1165010859","11650",서울시 서초구 서초동 1597-6,"1597","6",서초동,DK밸리뷰서초(주),37.487901000000001,127.013867000000005,1동,(주)소미건설,"2022","105",개별난방,도시가스,19층,19층,"0.54","0","1","32.13","35.06","26.35","28.75",,서울시 서초구 서초동,,,,,,,"137216","1","8","81","30","11","1165010800",아파트분양권,"1165015970006","9",0.037760416666667,0.113671875000000,0.196050347222222,0.243229166666667,0.206032986111111
"1165010723","11650","서울시 서초구 반포동 114-1,4,5번지","114","1",반포동,더샵반포리버파크(도시형),37.498596999999997,126.992532999999995,1동,(주)포스코건설,"2022","140",개별난방,도시가스,7층,7층,"1","0","1","70.18","71.74","49.55","49.98",,서울시 서초구 반포동,,,,,,,"140328","1","25","116","41","11","1165010700",아파트분양권,"1165001141,4,","21",0.042322724734785,0.088553880513678,0.179564489112225,0.248464544946953,0.228364042434391
